-- phpMyAdmin SQL Dump
-- version 5.1.3
-- https://www.phpmyadmin.net/
--
-- Host: 127.0.0.1
-- Generation Time: Dec 06, 2022 at 03:04 PM
-- Server version: 10.4.24-MariaDB
-- PHP Version: 7.4.29

SET SQL_MODE = "NO_AUTO_VALUE_ON_ZERO";
START TRANSACTION;
SET time_zone = "+00:00";


/*!40101 SET @OLD_CHARACTER_SET_CLIENT=@@CHARACTER_SET_CLIENT */;
/*!40101 SET @OLD_CHARACTER_SET_RESULTS=@@CHARACTER_SET_RESULTS */;
/*!40101 SET @OLD_COLLATION_CONNECTION=@@COLLATION_CONNECTION */;
/*!40101 SET NAMES utf8mb4 */;

--
-- Database: `simzy`
--

-- --------------------------------------------------------

--
-- Table structure for table `category`
--

CREATE TABLE `category` (
  `category_id` int(11) NOT NULL,
  `main_category` varchar(16) NOT NULL,
  `sub_category` varchar(32) NOT NULL
) ENGINE=InnoDB DEFAULT CHARSET=utf8mb4;

--
-- Dumping data for table `category`
--

INSERT INTO `category` (`category_id`, `main_category`, `sub_category`) VALUES
(1, 'Women', 'Jeans'),
(2, 'Women', 'T-Shirts'),
(3, 'Women', 'Dresses'),
(4, 'Women', 'Pants'),
(5, 'Women', 'Skirts'),
(6, 'Women', 'Shorts'),
(7, 'Women', 'Tops and Shirts'),
(8, 'Women', 'Jackets'),
(9, 'Women', 'Sweatshirts'),
(10, 'Men', 'T-Shirts'),
(11, 'Men', 'Shirts'),
(12, 'Men', 'Pants'),
(13, 'Men', 'Polos'),
(14, 'Men', 'Jeans'),
(15, 'Men', 'Sweatshirts'),
(16, 'Men', 'Jackets'),
(17, 'Kids', 'Boys'),
(18, 'Kids', 'Girls');

-- --------------------------------------------------------

--
-- Table structure for table `colorgroup`
--

CREATE TABLE `colorgroup` (
  `color_group_id` int(11) NOT NULL,
  `color_group` varchar(32) NOT NULL,
  `color` varchar(32) NOT NULL
) ENGINE=InnoDB DEFAULT CHARSET=utf8mb4;

--
-- Dumping data for table `colorgroup`
--

INSERT INTO `colorgroup` (`color_group_id`, `color_group`, `color`) VALUES
(20, 'Black', 'Black'),
(6, 'Black', 'Brown'),
(7, 'Black', 'Dark Brown'),
(11, 'Black', 'Dark Gray'),
(10, 'Black', 'Gray'),
(12, 'Black', 'Light Gray'),
(1, 'Blue', 'Blue'),
(2, 'Blue', 'Dark Blue'),
(25, 'Blue', 'Light Blue'),
(3, 'Blue', 'Navy'),
(14, 'Green', 'Dark Green'),
(13, 'Green', 'Green'),
(15, 'Green', 'Olive'),
(21, 'Pink', 'Pink'),
(24, 'Pink', 'Purple'),
(23, 'Pink', 'Red'),
(22, 'Pink', 'Wine'),
(17, 'White', 'Beige'),
(18, 'White', 'Khaki'),
(16, 'White', 'Natural'),
(5, 'White', 'Off White'),
(4, 'White', 'White'),
(9, 'Yellow', 'Mustard'),
(19, 'Yellow', 'Orange'),
(8, 'Yellow', 'Yellow');

-- --------------------------------------------------------

--
-- Table structure for table `orderhistory`
--

CREATE TABLE `orderhistory` (
  `order_history_id` int(11) NOT NULL,
  `order_id` int(11) NOT NULL,
  `stock_id` int(11) NOT NULL,
  `quantity` int(11) NOT NULL
) ENGINE=InnoDB DEFAULT CHARSET=utf8mb4;

--
-- Dumping data for table `orderhistory`
--

INSERT INTO `orderhistory` (`order_history_id`, `order_id`, `stock_id`, `quantity`) VALUES
(52, 51, 324, 2),
(53, 52, 324, 2),
(54, 53, 324, 2),
(55, 53, 31, 1),
(56, 54, 324, 2),
(57, 54, 31, 1),
(60, 56, 324, 2),
(61, 56, 31, 1),
(62, 57, 324, 2),
(63, 57, 31, 1),
(64, 58, 324, 2),
(65, 58, 31, 1),
(66, 59, 258, 2),
(67, 60, 258, 2),
(68, 61, 848, 8),
(69, 62, 848, 8),
(70, 63, 52, 2),
(71, 64, 52, 2),
(72, 65, 12, 5),
(73, 66, 881, 16);

-- --------------------------------------------------------

--
-- Table structure for table `orderstatus`
--

CREATE TABLE `orderstatus` (
  `status_id` int(11) NOT NULL,
  `description` varchar(128) NOT NULL
) ENGINE=InnoDB DEFAULT CHARSET=utf8mb4;

--
-- Dumping data for table `orderstatus`
--

INSERT INTO `orderstatus` (`status_id`, `description`) VALUES
(1, 'Processing order'),
(2, 'Delivery in progress'),
(3, 'Delivered'),
(4, 'Cancelled due to wrong shipping info'),
(5, 'Rejected by customer');

-- --------------------------------------------------------

--
-- Table structure for table `payment`
--

CREATE TABLE `payment` (
  `payment_id` int(11) NOT NULL,
  `payment_type` int(4) NOT NULL,
  `status` tinyint(1) NOT NULL,
  `created_at` timestamp NOT NULL DEFAULT current_timestamp(),
  `updated_at` timestamp NOT NULL DEFAULT current_timestamp()
) ENGINE=InnoDB DEFAULT CHARSET=utf8mb4;

--
-- Dumping data for table `payment`
--

INSERT INTO `payment` (`payment_id`, `payment_type`, `status`, `created_at`, `updated_at`) VALUES
(1, 1, 0, '2022-11-20 17:51:07', '2022-11-20 17:51:07'),
(2, 1, 0, '2022-11-20 18:11:55', '2022-11-20 18:11:55'),
(3, 1, 0, '2022-11-20 18:17:32', '2022-11-20 18:17:32'),
(4, 1, 0, '2022-11-20 18:18:42', '2022-11-20 18:18:42'),
(5, 1, 0, '2022-11-20 18:19:11', '2022-11-20 18:19:11'),
(6, 1, 0, '2022-11-20 18:33:11', '2022-11-20 18:33:11'),
(7, 1, 0, '2022-11-20 18:34:14', '2022-11-20 18:34:14'),
(8, 1, 0, '2022-11-20 18:43:05', '2022-11-20 18:43:05'),
(9, 1, 0, '2022-11-20 18:43:52', '2022-11-20 18:43:52'),
(10, 1, 0, '2022-11-20 18:55:35', '2022-11-20 18:55:35'),
(11, 1, 0, '2022-11-20 19:23:00', '2022-11-20 19:23:00'),
(12, 1, 0, '2022-11-20 19:24:06', '2022-11-20 19:24:06'),
(13, 1, 0, '2022-11-20 19:25:33', '2022-11-20 19:25:33'),
(14, 1, 0, '2022-11-20 19:32:49', '2022-11-20 19:32:49'),
(15, 1, 0, '2022-11-20 19:36:29', '2022-11-20 19:36:29'),
(16, 1, 0, '2022-11-20 19:37:21', '2022-11-20 19:37:21'),
(17, 1, 0, '2022-11-20 19:38:31', '2022-11-20 19:38:31'),
(18, 1, 0, '2022-11-20 19:39:30', '2022-11-20 19:39:30'),
(19, 1, 0, '2022-11-20 19:39:40', '2022-11-20 19:39:40'),
(20, 1, 0, '2022-11-20 19:40:29', '2022-11-20 19:40:29'),
(21, 1, 0, '2022-11-20 19:43:56', '2022-11-20 19:43:56'),
(22, 2, 0, '2022-11-23 05:30:17', '2022-11-23 05:30:17'),
(23, 2, 0, '2022-11-23 05:30:17', '2022-11-23 05:30:17'),
(24, 2, 0, '2022-11-23 05:36:05', '2022-11-23 05:36:05'),
(25, 2, 0, '2022-11-23 05:36:05', '2022-11-23 05:36:05'),
(26, 2, 0, '2022-11-23 05:36:32', '2022-11-23 05:36:32'),
(27, 2, 0, '2022-11-23 05:36:32', '2022-11-23 05:36:32'),
(28, 2, 0, '2022-11-23 05:38:58', '2022-11-23 05:38:58'),
(29, 2, 0, '2022-11-23 05:38:59', '2022-11-23 05:38:59'),
(30, 2, 0, '2022-11-23 05:45:25', '2022-11-23 05:45:25'),
(31, 2, 0, '2022-11-23 05:45:25', '2022-11-23 05:45:25'),
(32, 2, 0, '2022-11-23 05:45:34', '2022-11-23 05:45:34'),
(33, 2, 0, '2022-11-23 05:45:34', '2022-11-23 05:45:34'),
(34, 2, 0, '2022-11-23 05:46:16', '2022-11-23 05:46:16'),
(35, 2, 0, '2022-11-23 05:46:17', '2022-11-23 05:46:17'),
(36, 2, 0, '2022-11-23 05:46:19', '2022-11-23 05:46:19'),
(37, 2, 0, '2022-11-23 05:46:19', '2022-11-23 05:46:19'),
(38, 2, 0, '2022-11-23 05:47:44', '2022-11-23 05:47:44'),
(39, 2, 0, '2022-11-23 05:47:45', '2022-11-23 05:47:45'),
(40, 2, 0, '2022-11-23 05:47:48', '2022-11-23 05:47:48'),
(41, 2, 0, '2022-11-23 05:47:48', '2022-11-23 05:47:48'),
(42, 2, 0, '2022-11-23 05:47:58', '2022-11-23 05:47:58'),
(43, 2, 0, '2022-11-23 05:47:58', '2022-11-23 05:47:58'),
(44, 2, 0, '2022-11-23 05:48:02', '2022-11-23 05:48:02'),
(45, 2, 0, '2022-11-23 05:48:03', '2022-11-23 05:48:03'),
(46, 2, 0, '2022-11-23 05:48:15', '2022-11-23 05:48:15'),
(47, 2, 0, '2022-11-23 05:48:15', '2022-11-23 05:48:15'),
(48, 2, 0, '2022-11-23 05:48:19', '2022-11-23 05:48:19'),
(49, 2, 0, '2022-11-23 05:48:19', '2022-11-23 05:48:19'),
(50, 2, 0, '2022-11-23 05:48:35', '2022-11-23 05:48:35'),
(51, 2, 0, '2022-11-23 05:48:36', '2022-11-23 05:48:36'),
(52, 2, 0, '2022-11-23 05:48:39', '2022-11-23 05:48:39'),
(53, 2, 0, '2022-11-23 05:48:39', '2022-11-23 05:48:39'),
(54, 2, 0, '2022-11-23 05:51:57', '2022-11-23 05:51:57'),
(55, 2, 0, '2022-11-23 05:51:57', '2022-11-23 05:51:57'),
(56, 2, 0, '2022-11-23 05:52:04', '2022-11-23 05:52:04'),
(57, 2, 0, '2022-11-23 05:52:18', '2022-11-23 05:52:18'),
(58, 2, 0, '2022-11-23 05:52:18', '2022-11-23 05:52:18'),
(59, 2, 0, '2022-11-23 05:52:36', '2022-11-23 05:52:36'),
(60, 2, 0, '2022-11-23 05:52:52', '2022-11-23 05:52:52'),
(61, 2, 0, '2022-11-23 05:54:41', '2022-11-23 05:54:41'),
(62, 2, 0, '2022-11-23 05:55:44', '2022-11-23 05:55:44'),
(63, 2, 0, '2022-11-23 05:56:22', '2022-11-23 05:56:22'),
(64, 2, 0, '2022-11-23 05:58:26', '2022-11-23 05:58:26'),
(65, 2, 0, '2022-11-23 05:59:16', '2022-11-23 05:59:16'),
(66, 2, 0, '2022-11-23 06:01:06', '2022-11-23 06:01:06'),
(67, 2, 0, '2022-11-23 06:45:25', '2022-11-23 06:45:25'),
(68, 2, 0, '2022-11-23 06:52:57', '2022-11-23 06:52:57'),
(69, 2, 0, '2022-11-23 18:27:39', '2022-11-23 18:27:39'),
(70, 2, 0, '2022-11-28 08:32:55', '2022-11-28 08:32:55'),
(71, 2, 0, '2022-11-28 08:53:44', '2022-11-28 08:53:44'),
(72, 2, 0, '2022-11-28 08:59:13', '2022-11-28 08:59:13'),
(73, 1, 0, '2022-11-28 09:05:14', '2022-11-28 09:05:14'),
(74, 2, 0, '2022-11-28 09:06:24', '2022-11-28 09:06:24'),
(75, 1, 0, '2022-11-28 09:09:12', '2022-11-28 09:09:12'),
(76, 1, 0, '2022-11-28 09:28:24', '2022-11-28 09:28:24'),
(77, 2, 0, '2022-11-28 09:58:30', '2022-11-28 09:58:30'),
(78, 1, 0, '2022-11-28 17:32:12', '2022-11-28 17:32:12'),
(79, 2, 1, '2022-11-28 17:33:45', '2022-11-28 17:33:45'),
(80, 1, 0, '2022-12-05 18:19:16', '2022-12-05 18:19:16'),
(81, 2, 1, '2022-12-05 18:24:42', '2022-12-05 18:24:42'),
(82, 2, 1, '2022-12-05 18:31:57', '2022-12-05 18:31:57'),
(83, 1, 0, '2022-12-05 18:34:51', '2022-12-05 18:34:51');

-- --------------------------------------------------------

--
-- Table structure for table `product`
--

CREATE TABLE `product` (
  `product_id` int(11) NOT NULL,
  `category_id` int(11) NOT NULL,
  `product_name` varchar(128) NOT NULL,
  `description` varchar(256) NOT NULL,
  `details` varchar(512) NOT NULL,
  `price` decimal(13,2) NOT NULL,
  `created_at` timestamp NOT NULL DEFAULT current_timestamp(),
  `updated_at` timestamp NOT NULL DEFAULT current_timestamp()
) ENGINE=InnoDB DEFAULT CHARSET=utf8mb4;

--
-- Dumping data for table `product`
--

INSERT INTO `product` (`product_id`, `category_id`, `product_name`, `description`, `details`, `price`, `created_at`, `updated_at`) VALUES
(1, 1, 'Loose Cropped Jeans (Damaged)', 'Ankle-length jeans with a casual loose fit.', 'Please note that this product may have different product ID, even if it is the same item.\nFABRIC DETAILS\n100% Cotton\nWASHING INSTRUCTIONS\nMachine wash cold, gentle cycle, Do not Dry Clean', '990.00', '2022-10-12 17:27:25', '2022-11-25 10:57:27'),
(2, 1, 'Jegging (Jeans Legging) J BRAND', 'Superb stretch for a flattering fit. Stylish design with subtle stitching.', 'Please note that this product may have different product ID, even if it is the same item.\nFABRIC DETAILS\n[01 OFF WHITE] Body: 77% Rayon, 18% Polyester, 5% Spandex/ Pocket Lining: 65% Polyester, 33% Cotton, 2% Spandex [09 BLACK, 69 NAVY] Body: 74% Rayon, 21% Polyester, 5% Spandex/ Pocket Lining: 65% Polyester, 33% Cotton, 2% Spandex\nWASHING INSTRUCTIONS\nMachine wash cold, gentle cycle, Do not Dry Clean', '3993.00', '2022-10-12 17:53:15', '2022-11-25 10:57:27'),
(3, 1, 'Baggy Jeans', '\n100% cotton denim and a flattering baggy cut.', 'Please note that this product may have different product ID, even if it is the same item.\nFABRIC DETAILS\nBody: 100% Cotton/ Pocket Lining: 65% Polyester, 35% Cotton\nWASHING INSTRUCTIONS\nMachine wash cold, Do not Dry Clean', '1490.00', '2022-10-13 17:03:19', '2022-11-25 10:57:27'),
(4, 1, 'Rounded Jeans Uniqlo U', 'Distinctive soft, comfortable feel. Soft and rounded silhouette flatters the legs.', 'Please note that this product may have different product ID, even if it is the same item.\nFABRIC DETAILS\nBody: 100% Cotton/ Pocket Lining: 65% Polyester, 35% Cotton\nWASHING INSTRUCTIONS\nMachine wash cold, Dry Clean', '1490.00', '2022-10-13 17:25:18', '2022-11-25 10:57:27'),
(5, 1, 'Denim Jersey Shorts', 'Relaxed, easy shorts with a casual design.', 'Please note that this product may have different product ID, even if it is the same item.\nFABRIC DETAILS\n96% Cotton, 4% Spandex\nWASHING INSTRUCTIONS\nMachine wash cold, gentle cycle', '590.00', '2022-10-13 18:20:52', '2022-11-25 10:57:27'),
(6, 1, 'Slim Flared Jeans', 'Sleek, slim silhouette with a subtly flared hem. Comfortable jeans with a leg-flattering effect.', 'Please note that this product may have different product ID, even if it is the same item.\nFABRIC DETAILS\nBody: 98% Cotton, 2% Spandex/ Pocket Lining: 65% Polyester, 35% Cotton\nWASHING INSTRUCTIONS\nMachine wash cold, Do not Dry Clean', '1490.00', '2022-10-13 18:56:35', '2022-11-25 10:57:27'),
(7, 1, 'Peg Top High Rise Jeans', 'Loose-fitting, comfortable 100% cotton jeans. The sleek hem makes these jeans easy to put on.', 'Please note that this product may have different product ID, even if it is the same item.\nFABRIC DETAILS\nBody: 100% Cotton/ Pocket Lining: 65% Polyester, 35% Cotton\nWASHING INSTRUCTIONS\nMachine wash cold, gentle cycle, Do not Dry Clean', '1490.00', '2022-10-14 12:27:03', '2022-11-25 10:57:27'),
(8, 2, 'Crew Neck Short Sleeve T-Shirt Uniqlo U', 'A stylish statement T-shirt. Meticulously designed for outstanding comfort.', 'Please note that this product may have different product ID, even if it is the same item.\nFABRIC DETAILS\n100% Cotton\nWASHING INSTRUCTIONS\nMachine wash cold', '390.00', '2022-10-14 12:42:30', '2022-11-25 10:57:27'),
(9, 2, 'Dolman Short Sleeve T-Shirt', 'A versatile T-shirt with a relaxed fit.', 'Please note that this product may have different product ID, even if it is the same item.\nFABRIC DETAILS\n100% Cotton\nWASHING INSTRUCTIONS\nMachine wash cold, Dry Clean', '290.00', '2022-10-14 13:08:37', '2022-11-25 10:57:27'),
(10, 2, 'Ribbed Crew Neck Half Sleeve T-Shirt', 'Ribbed fabric for an exceptional fit. Thick enough to wear on its own.\n', 'Please note that this product may have different product ID, even if it is the same item.\nFABRIC DETAILS\n96% Cotton, 4% Spandex\nWASHING INSTRUCTIONS\nMachine wash cold, Dry Clean', '590.00', '2022-10-14 13:31:04', '2022-11-25 10:57:27'),
(11, 2, 'MAGIC FOR ALL TIMELESS FAVORITES UT (Short Sleeve Graphic T-Shirt)', 'The iconic Disney collection from the special project “MAGIC FOR ALL” is back!', 'Please note that this product may have different product ID, even if it is the same item.\nFABRIC DETAILS\n100% Cotton\nWASHING INSTRUCTIONS\nMachine wash cold, Do not Dry Clean', '590.00', '2022-10-14 13:58:27', '2022-11-25 10:57:27'),
(12, 2, 'AIRism Mapping Crew Neck Short Sleeve T-Shirt', 'Stretchy AIRism with mesh panels for increased breathability.', 'Please note that this product may have different product ID, even if it is the same item.\nFABRIC DETAILS\n89% Nylon, 11% Spandex\nWASHING INSTRUCTIONS\nMachine wash cold, gentle cycle', '590.00', '2022-10-14 14:03:13', '2022-11-25 10:57:27'),
(13, 2, 'AIRism Seamless Boat Neck Short Sleeve Long T-Shirt', 'Breezy and lightweight feel. The matte texture and longer length make them more flattering to wear.', 'Please note that this product may have different product ID, even if it is the same item.\nFABRIC DETAILS\n78% Polyester, 17% Lyocell, 5% Spandex\nWASHING INSTRUCTIONS\nMachine wash cold, gentle cycle', '590.00', '2022-10-14 14:19:32', '2022-11-25 10:57:27'),
(14, 2, 'Mini Short Sleeve T-Shirt', 'Fitted mini T-shirt with a 90s vibe. Easy to mix and match with any style.', 'Please note that this product may have different product ID, even if it is the same item.\nFABRIC DETAILS\n96% Cotton, 4% Spandex\nWASHING INSTRUCTIONS\nMachine wash cold, Do not Dry Clean', '490.00', '2022-10-14 14:27:48', '2022-11-25 10:57:27'),
(15, 3, 'Linen Blend Shirring Sleeveless Dress', 'Our lightweight and airy dress. Designed with an attractive fit for breezy style', 'Please note that this product may have different Please note that this product may have different product ID, even if it is the same item.\nFABRIC DETAILS\nBody: 47% Rayon, 33% Linen, 20% Cotton/ Shirring Part: 70% Polyester, 30% Spandex/ Petticoat: 100% Polyester\nWASHING INSTRUCTIONS\nMachine wash cold, Do not Dry Clean', '1490.00', '2022-10-14 14:40:16', '2022-11-25 10:57:27'),
(16, 3, 'Printed V Neck Short Sleeve Mini Dress', 'A breezy mini dress in smooth fabric and a floral print.', 'Please note that this product may have different product ID, even if it is the same item.\nFABRIC DETAILS\n100% Rayon\nWASHING INSTRUCTIONS\nMachine wash cold, gentle cycle, Dry Clean', '1491.00', '2022-10-14 14:55:16', '2022-11-25 10:57:27'),
(17, 3, 'Square Neck Short Sleeve Flare Dress', 'A statement dress with a refined silhouette and neckline. Simple, versatile design.', 'Please note that this product may have different product ID, even if it is the same item.\nFABRIC DETAILS\n96% Cotton, 4% Spandex\nWASHING INSTRUCTIONS\nMachine wash cold, gentle cycle, Dry Clean', '790.00', '2022-10-14 15:01:19', '2022-11-25 10:57:27'),
(18, 3, 'AIRism Cotton Short Sleeve Long Flare Dress Uniqlo U', 'AIRism for lasting comfort. Stunning flared cut.', 'Please note that this product may have different product ID, even if it is the same item.\nFABRIC DETAILS\n70% Cotton, 30% Polyester\nWASHING INSTRUCTIONS\nMachine wash cold, gentle cycle', '990.00', '2022-10-14 15:06:39', '2022-11-25 10:57:27'),
(19, 3, 'UV Protection Long Sleeve Shirt Dress', 'Protection Long Sleeve Shirt Dress', 'Please note that this product may have different product ID, even if it is the same item.\nFABRIC DETAILS\n70% Polyester, 30% Rayon ( 56% Uses Recycled Polyester Fiber )\nWASHING INSTRUCTIONS\nMachine wash cold, gentle cycle, Dry Clean', '1992.00', '2022-10-14 15:17:51', '2022-11-25 10:57:27'),
(20, 4, 'Smart Ankle Pants (Checked)', 'A sleek, elegant look and a comfortable fit. Versatile pants for any occasion.', 'Please note that this product may have different product ID, even if it is the same item.\n\nFabric details\n    Body: 67% Polyester, 29% Rayon, 4% Spandex ( 60% Uses Recycled Polyester Fiber )/ Pocket Lining: 100% Polyester\nWashing instructions\n    Machine wash cold, gentle cycle, Dry Clean', '1290.00', '2022-10-14 15:34:26', '2022-11-25 10:57:27'),
(21, 4, 'Smart Ankle Pants (Brushed Houndstooth)', '2-way stretch fabric for a comfortable fit and a sleek look. Versatile pants for any occasion.', 'Please note that this product may have different product ID, even if it is the same item.\n\nFabric details\n    Body: 66% Polyester, 30% Rayon, 4% Spandex ( 61% Uses Recycled Polyester Fiber )/ Pocket Lining: 100% Polyester\nWashing instructions\n    Machine wash cold, gentle cycle, Dry Clean', '1290.00', '2022-10-14 15:38:58', '2022-11-25 10:57:27'),
(22, 4, 'Smart Ankle Pants (Brushed Herringbone)', '2-way stretch fabric for a comfortable fit and a sleek look. Versatile pants for any occasion.', 'Please note that this product may have different product ID, even if it is the same item.\n\nFabric details\n    Body: 67% Polyester, 29% Rayon, 4% Spandex ( 62% Uses Recycled Polyester Fiber )/ Pocket Lining: 100% Polyester\nWashing instructions\n    Machine wash cold, gentle cycle, Dry Clean', '1290.00', '2022-10-14 15:51:19', '2022-11-25 10:57:27'),
(23, 4, 'Smart Ankle Pants (Glen Check)', 'A sleek, elegant look and a comfortable fit. Versatile pants for any occasion', 'Please note that this product may have different product ID, even if it is the same item.\n\nFabric details\n    Body: 67% Polyester, 29% Rayon, 4% Spandex ( 60% Uses Recycled Polyester Fiber )/ Pocket Lining: 100% Polyester\nWashing instructions\n    Machine wash cold, gentle cycle, Dry Clean', '1290.00', '2022-10-14 15:59:31', '2022-11-25 10:57:27'),
(24, 5, 'Check Mini Skirt', 'Tweed fabric for a cozy feel. Checked pattern to accent your outfit.', 'Please note that this product may have different product ID, even if it is the same item.\n\nFabric details\n    Shell: 75% Polyester, 15% Wool, 10% Nylon/ Lining: Pocket Lining: 100% Polyester\nWashing instructions\n    Do not wash, Dry Clean', '990.00', '2022-10-14 16:07:09', '2022-11-25 10:57:27'),
(26, 5, 'Smart Skort (Solid)', 'The low key-design is suitable for all occasions. Easy on and off stretch fabric and elastic waistband.', 'Please note that this product may have different product ID, even if it is the same item.\n\nFabric details\n    69% Polyester, 29% Rayon, 2% Spandex\nWashing instructions\n    Machine wash cold, gentle cycle, Dry Clean', '990.00', '2022-10-14 16:29:37', '2022-11-25 10:57:27'),
(27, 5, 'Ultra Stretch Active Narrow Midi Skirt', 'Long slit skirt in Ultra Stretch fabric for better range of movement.', 'Please note that this product may have different product ID, even if it is the same item.\n\nFabric details\n    100% Polyester\nWashing instructions\n    Machine wash cold, gentle cycle, Do not Dry Clean', '790.00', '2022-10-14 16:32:34', '2022-11-25 10:57:27'),
(28, 6, 'Smart Tucked Shorts', 'Stretch fabric for freedom of movement. Stylish design goes with any outfit.', 'Please note that this product may have different product ID, even if it is the same item.\n\nFabric details\n    Body: 68% Polyester, 30% Rayon, 2% Spandex/ Pocket Lining: 100% Polyester\nWashing instructions\n    Machine wash cold, Dry Clean', '590.00', '2022-10-14 16:43:04', '2022-11-25 10:57:27'),
(29, 6, 'Chino Shorts', 'Loose shorts with a cool look. Meticulously designed details for a comfortable fit.', 'Please note that this product may have different product ID, even if it is the same item.\n\nFabric details\n    100% Cotton\nWashing instructions\n    Machine wash cold, Do not Dry Clean', '590.00', '2022-10-14 17:15:20', '2022-11-25 10:57:27'),
(30, 6, 'Linen Cotton Shorts', 'Cool linen-cotton blend material great for warmer months.', 'Please note that this product may have different product ID, even if it is the same item.\n\nFabric details\n    50% Cotton, 50% Linen\nWashing instructions\n    Machine wash cold, gentle cycle', '790.00', '2022-10-14 17:45:14', '2022-11-25 10:57:27'),
(31, 7, 'Smooth Stretch Cotton Turtle Neck Long Sleeve T-Shirt', 'Ribbed fabric for a sleek fit. Thick enough to wear on its own.', 'Please note that this product may have different product ID, even if it is the same item.\n\nFabric details\n    96% Cotton, 4% Spandex\nWashing instructions\n    Machine wash cold', '590.00', '2022-10-14 17:53:56', '2022-11-25 10:57:27'),
(32, 7, 'Ribbed High Neck Long Sleeve T-Shirt', 'Ribbed fabric for a sleek fit. Thick enough to wear on its own.', 'Please note that this product may have different product ID, even if it is the same item.\n\nFabric details\n    96% Cotton, 4% Spandex\nWashing instructions\n    Machine wash cold, Dry Clean', '590.00', '2022-10-14 18:03:24', '2022-11-25 10:57:27'),
(33, 7, 'Striped Long Sleeve T-Shirt', 'Striped T-shirt in 100% cotton with a boxy cut for a casual look.', 'Please note that this product may have different product ID, even if it is the same item.\n\nFabric details\n    100% Cotton\nWashing instructions\n    Machine wash cold, Dry Clean', '790.00', '2022-10-14 18:18:03', '2022-11-25 10:57:27'),
(34, 8, 'Ultra Light Jacket', 'A high performance jacket that is surprisingly lightweight and easy to throw on. Great for both casual and business wear.', 'Please note that this product may have different product ID, even if it is the same item.\n\nFabric details\n    Shell: 100% Polyester/ Lining: 100% Polyester\nWashing instructions\n    Machine wash cold, gentle cycle, Dry Clean', '1990.00', '2022-10-14 18:32:25', '2022-11-25 10:57:27'),
(35, 8, 'Relaxed Tailored Jacket', 'The relaxed styling can be enjoyed with its fall-feeling material and roomier silhouette.', 'Please note that this product may have different product ID, even if it is the same item.\n\nFabric details\n    Shell: 67% Polyester, 29% Rayon, 4% Spandex ( 60% Uses Recycled Polyester Fiber )/ Lining: 100% Polyester/ Pocket Lining: 100% Polyester\nWashing instructions\n    Hand wash cold, Dry Clean', '2990.00', '2022-10-14 18:40:00', '2022-11-25 10:57:27'),
(36, 8, 'Double Breasted Jacket', 'This jacket unbuttons for a stylish drape. Easily dresses up or down.', 'Please note that this product may have different product ID, even if it is the same item.\n\nFabric details\n    Shell: 75% Polyester, 15% Wool, 10% Nylon/ Lining: 100% Polyester/ Pocket Lining: 100% Polyester\nWashing instructions\n    Do not wash, Dry Clean', '2990.00', '2022-10-14 18:43:37', '2022-11-25 10:57:27'),
(37, 9, 'Premium Lambswool Ribbed Crew Neck Long Sleeve Sweater Uniqlo U', 'A premium wool sweater with a casual chunky knit. The slightly cropped length and ribbed knit add a style accent.', 'Please note that this product may have different product ID, even if it is the same item.\n\nFabric details\n    100% Wool\nWashing instructions\n    Hand wash cold, Dry Clean', '1490.00', '2022-10-14 18:48:54', '2022-11-25 10:57:27'),
(38, 9, 'Light Souffle Yarn Mock Neck Long Sleeve Sweater', 'Smooth, non-itchy souffle yarn. Voluminous body and sleeves for a soft look.', 'Please note that this product may have different product ID, even if it is the same item.\n\nFabric details\n    41% Acrylic, 31% Nylon, 26% Cotton, 2% Spandex\nWashing instructions\n    Hand wash cold, Dry Clean', '990.00', '2022-10-14 18:58:02', '2022-11-25 10:57:27'),
(39, 10, 'Oversized Striped Crew Neck Half Sleeve T-Shirt', 'Oversized T-shirt in durable fabric for a laid-back style.', 'Please note that this product may have different product ID, even if it is the same item.\n\nFabric details\n    100% Cotton\nWashing instructions\n    Machine wash cold, gentle cycle', '590.00', '2022-10-14 19:09:59', '2022-11-25 10:57:27'),
(40, 10, 'SUPIMA COTTON Crew Neck Short Sleeve T-Shirt', '100% Supima cotton for a high-quality feel. A basic item that goes with any look.', 'Please note that this product may have different product ID, even if it is the same item.\n\nFabric details\n    100% Cotton\nWashing instructions\n    Machine wash cold', '390.00', '2022-10-14 19:34:49', '2022-11-25 10:57:27'),
(41, 10, 'AIRism Cotton Crew Neck Oversized Half Sleeve T-Shirt Uniqlo U', 'The look of cotton with \"AIRism\" performance. Narrower neckline for a clean, neat style.', 'Please note that this product may have different product ID, even if it is the same item.\n\nFabric details\n    53% Cotton, 47% Polyester\nWashing instructions\n    Machine wash cold', '590.00', '2022-10-14 20:24:17', '2022-11-25 10:57:27'),
(42, 10, 'Oversized Pocket Crew Neck Half Sleeve T-Shirt', 'Oversized T-shirt in durable fabric for a laid-back style.', 'Please note that this product may have different product ID, even if it is the same item.\n\nFabric details\n    100% Cotton\nWashing instructions\n    Machine wash cold', '590.00', '2022-10-14 20:54:36', '2022-11-25 10:57:27'),
(43, 10, 'AIRism Cotton Crew Neck Short Sleeve T-Shirt', 'Smooth, comfortable AIRism with cotton looks.', 'Please note that this product may have different product ID, even if it is the same item.\n\nFabric details\n    100% Cotton\nWashing instructions\n    Machine wash cold, Do not Dry Clean', '290.00', '2022-10-15 06:58:02', '2022-11-25 10:57:27'),
(44, 11, 'Bloody Bunny Black Flame Shirt', 'A short-sleeve button-up shirt in an all-over graphic Bloody Bunny print.', 'Please note that this product may have different product ID, even if it is the same item.\n\nFabric details\n    100% Cotton\nWashing instructions\n    Machine wash cold, Do not Dry Clean', '2190.00', '2022-10-15 07:37:49', '2022-11-25 10:57:27'),
(45, 11, 'Legend Hawaiian Shirt', 'A short-sleeve button-up shirt in an all-over graphic print. Relaxed fit.', 'Please note that this product may have different product ID, even if it is the same item.\n\nFabric details\n    100% Cotton\nWashing instructions\n    Machine wash cold, Do not Dry Clean', '1790.00', '2022-10-15 07:41:37', '2022-11-25 10:57:27'),
(46, 11, 'Graphic Long Sleeve Shirt', 'A long-sleeve button-up shirt in an all-over graphic print. Relaxed fit.', 'Please note that this product may have different product ID, even if it is the same item.\n\nFabric details\n    100% Cotton\nWashing instructions\n    Machine wash cold, Do not Dry Clean', '2190.00', '2022-10-15 07:50:01', '2022-11-25 10:57:27'),
(47, 12, 'Wide Fit Jeans', 'Based on customer feedback, we updated the design with a sturdy fabric and jeans-like details.', 'Please note that this product may have different product ID, even if it is the same item.\n\nFabric details\n    Body: 100% Cotton/ Pocket Lining: 65% Polyester, 35% Cotton\nWashing instructions\n    Machine wash cold, Do not Dry Clean', '1490.00', '2022-10-15 08:01:14', '2022-11-25 10:57:27'),
(48, 12, 'Ultra Stretch Skinny Fit Color Jeans', 'Amazing stretch for comfort and a flattering style. Sleek, skinny fit', 'Please note that this product may have different product ID, even if it is the same item.\n\nFabric details\n    97% Cotton, 3% Spandex\nWashing instructions\n    Machine wash cold, gentle cycle, Dry Clean', '990.00', '2022-10-15 08:08:27', '2022-11-25 10:57:27'),
(49, 12, 'Dark Rabbit Joggers', 'Denim-inspired joggers with a smocked drawstring waist, side pockets and a \"Pack Rabbit\" patch on the front.', 'Please note that this product may have different product ID, even if it is the same item.\n\nFabric details\n    Body: 100% Cotton/ Pocket Lining: 65% Polyester, 35% Cotton\nWashing instructions\n    Machine wash cold, Do not Dry Clean', '2490.00', '2022-10-15 08:28:17', '2022-11-25 10:57:27'),
(50, 13, 'Dry Pique Short Sleeve Polo Shirt', 'A classic that fits into any scene. We have adjusted the details for an even more flattering design.', 'Please note that this product may have different product ID, even if it is the same item.\n\nFabric details\n    Body: 72% Cotton, 28% Polyester/ Rib: 73% Polyester, 27% Cotton\nWashing instructions\n    Machine wash cold, Do not Dry Clean', '790.00', '2022-10-15 08:32:16', '2022-11-25 10:57:27'),
(51, 13, 'Rugger Polo Shirt', 'A modern take on the classic rugby shirt.', 'Please note that this product may have different product ID, even if it is the same item.\n\nFabric details\n    100% Cotton\nWashing instructions\n    Machine wash cold, Dry Clean', '790.00', '2022-10-15 08:45:24', '2022-11-25 10:57:27'),
(52, 13, 'AIRism Pique Short Sleeve Polo Shirt', 'Feels silky and refreshing. Simple, minimal style.', 'Please note that this product may have different product ID, even if it is the same item.\n\nFabric details\n    [00White] 57% Cotton, 43% Nylon [09Black, 69Navy, 61Blue] 51% Cotton, 49% Nylon\nWashing instructions\n    Machine wash cold', '790.00', '2022-10-15 08:58:15', '2022-11-25 10:57:27'),
(53, 14, 'Classic Cut Jeans Helmut Lang', 'UNIQLO’s contemporary take on the classic jeans by iconic 90s fashion brand Helmut Lang.', 'Please note that this product may have different product ID, even if it is the same item.\n\nFabric details\n    Body: 99% Cotton, 1% Other Fiber ( 23% Uses Recycled Cotton Fiber )/ Pocket Lining: 100% Cotton\nWashing instructions\n    Machine wash cold, gentle cycle, Do not Dry Clean', '3990.00', '2022-10-15 10:19:34', '2022-11-25 10:57:27'),
(54, 14, 'HEATTECH Ultra Stretch Jeans', 'A classic denim look and the warmth of HEATTECH. In Ultra Stretch fabric for easy movement.', 'Please note that this product may have different product ID, even if it is the same item.\n\nFabric details\n    Body: 61% Cotton, 19% Rayon, 13% Acrylic, 5% Polyester, 2% Spandex/ Pocket Lining: 65% Polyester, 35% Rayon\nWashing instructions\n    Machine wash cold, Do not Dry Clean', '1990.00', '2022-10-15 10:34:59', '2022-11-25 10:57:27'),
(55, 14, 'Regular Fit Jeans Uniqlo U', 'Genuine Kaihara denim. In a versatile tapered regular fit.', 'Please note that this product may have different product ID, even if it is the same item.\n\nFabric details\n    Body: 100% Cotton/ Pocket Lining: 100% Cotton\nWashing instructions\n    Machine wash cold, Do not Dry Clean', '1990.00', '2022-10-15 10:44:24', '2022-11-25 10:57:27'),
(56, 15, 'Washable Milano Ribbed Long Sleeve Sweater', 'An elegant looking, easy-to-wear sweater. Versatile design for business or casual wear.', 'Please note that this product may have different product ID, even if it is the same item.\n\nFabric details\n    66% Cotton, 34% Polyester\nWashing instructions\n    Machine wash cold, gentle cycle', '990.00', '2022-10-15 14:40:15', '2022-11-25 10:57:27'),
(57, 15, 'Extra Fine Merino V Neck Long Sleeve Cardigan', 'The exquisite texture of 100% premium wool. Updated for a smoother surface', 'Please note that this product may have different product ID, even if it is the same item.\n\nFabric details\n    100% Wool\nWashing instructions\n    Machine wash cold, gentle cycle, Dry Clean', '1490.00', '2022-10-15 14:52:24', '2022-11-25 10:57:27'),
(58, 15, 'Extra Fine Merino Crew Neck Long Sleeve Sweater', 'The exquisite texture of 100% premium wool. Updated for a smoother surface.', 'Please note that this product may have different product ID, even if it is the same item.\n\nFabric details\n    100% Wool\nWashing instructions\n    Machine wash cold, gentle cycle, Dry Clean', '1490.00', '2022-10-15 14:58:14', '2022-11-25 10:57:27'),
(59, 16, 'Ultra Light Jacket (Wool Like)', 'Our incredibly lightweight, stretchy and quick-drying high-performance jacket. Also suitable for business settings.', 'Please note that this product may have different product ID, even if it is the same item.\n\nFabric details\n    Shell: 100% Polyester/ Lining: 100% Polyester\nWashing instructions\n    Machine wash cold, gentle cycle, Dry Clean', '1990.00', '2022-10-15 15:08:16', '2022-11-25 10:57:27'),
(60, 16, 'Comfort 2 Buttons Jacket (Pattern)', 'Comfortable jacket in soft jersey fabric with improved sleeve lining.', 'Please note that this product may have different product ID, even if it is the same item.\n\nFabric details\n    Shell: 56% Polyester, 44% Cotton/ Lining: 100% Polyester/ Pocket Lining: 100% Polyester\nWashing instructions\n    Hand wash cold, Dry Clean', '1990.00', '2022-10-15 15:15:39', '2022-11-25 10:57:27'),
(61, 16, 'Recycled Down Jacket', 'Sleek, collarless design. Recommended not only as outerwear, but also as a light jacket for chilly days.', 'Please note that this product may have different product ID, even if it is the same item.\n\nFabric details\n    Face: 100% Nylon ( 100% Uses Recycled Nylon Fiber )/ Filling: 85% Down, 15% Feathers ( 100% Uses Recycled Down Feathers )/ Back: 100% Nylon ( 100% Uses Recycled Nylon Fiber )/ Pocket Lining: 100% Nylon\nWashing instructions\n    Hand wash cold, Do not Dry Clean', '3490.00', '2022-10-15 15:23:38', '2022-11-25 10:57:27'),
(62, 16, 'Utility Jacket', 'Work wear-style jacket in warm material. Features practical pockets.', 'Please note that this product may have different product ID, even if it is the same item.\n\nFabric details\n    99% Cotton, 1% Spandex\nWashing instructions\n    Machine wash cold, gentle cycle, Dry Clean', '1990.00', '2022-10-15 15:31:40', '2022-11-25 10:57:27'),
(63, 17, 'KIDS AIRism Cotton Crew Neck Short Sleeve T-Shirt Uniqlo U', 'The look of cotton with AIRism performance. Our smooth and comfortable T-shirt.', 'Please note that this product may have different product ID, even if it is the same item.\n\nFabric details\n    54% Cotton, 46% Polyester\nWashing instructions\n    Machine wash cold, Do not Dry Clean', '290.00', '2022-10-15 15:56:58', '2022-11-25 10:57:27'),
(64, 17, 'KIDS Flannel Checked Long Sleeve Shirt', 'Updated sizing for a comfortable fit. Soft and comfy brushed flannel fabric.', 'Please note that this product may have different product ID, even if it is the same item.\n\nFabric details\n    100% Cotton\nWashing instructions\n    Machine wash cold, Dry Clean', '790.00', '2022-10-15 16:13:22', '2022-11-25 10:57:27'),
(65, 17, 'KIDS Warm Padded Washable Parka', 'Lightweight, warm, padded parka. The product has so many user-friendly features, including design specifications that protect against the rain', 'Please note that this product may have different product ID, even if it is the same item.\n\nFabric details\n    Face: 100% Nylon/ Filling: 100% Polyester ( 35% Uses Recycled Polyester Fiber )/ Back: 100% Polyester ( 54% Uses Recycled Polyester Fiber )/ Pocket Lining: 100% Polyester ( 54% Uses Recycled Polyester Fiber )\nWashing instructions\n    Machine wash cold, gentle cycle, Do not Dry Clean', '1290.00', '2022-10-15 16:17:32', '2022-11-25 10:57:27'),
(66, 17, 'KIDS Crew Neck Long Sleeve T-Shirt Uniqlo U', 'We developed a fabric with just the right thickness and a quality texture. Designed with superb attention to detail.', 'Please note that this product may have different product ID, even if it is the same item.\n\nFabric details\n    Body: 100% Cotton/ Rib: 65% Cotton, 35% Polyester\nWashing instructions\n    Machine wash cold, Do not Dry Clean', '590.00', '2022-10-15 16:31:02', '2022-11-25 10:57:27'),
(67, 17, 'KIDS Sweat Blouson', 'Our fashionable varsity jacket. Patches add a distinctive style accent', 'Please note that this product may have different product ID, even if it is the same item.\n\nFabric details\n    Body: 70% Cotton, 30% Polyester/ Rib: 76% Cotton, 21% Polyester, 3% Spandex/ Pocket Lining: 100% Cotton\nWashing instructions\n    Machine wash cold, gentle cycle, Do not Dry Clean', '990.00', '2022-10-15 16:47:35', '2022-11-25 10:57:27'),
(68, 17, 'KIDS Striped Easy Shorts', 'Cool, breezy shorts. Elastic waist and stretch fabric for easy movement.', 'Please note that this product may have different product ID, even if it is the same item.\n\nFabric details\n    70% Cotton, 29% Polyester, 1% Spandex\nWashing instructions\n    Machine wash cold, Do not Dry Clean', '390.00', '2022-10-15 16:55:13', '2022-11-25 10:57:27'),
(69, 17, 'KIDS Denim Easy Shorts', 'In a loose-fitting cut for easy movement. Chino style is easy to mix and match.', 'Please note that this product may have different product ID, even if it is the same item.\n\nFabric details\n    100% Cotton\nWashing instructions\n    Machine wash cold', '390.00', '2022-10-15 17:05:36', '2022-11-25 10:57:27'),
(70, 18, 'GIRLS Rayon Short Flower Printed Tiered Dress', 'Rayon Flower Printed Tiered Dress ', 'Please note that this product may have different product ID, even if it is the same item.\n\nFabric details\n    100% Rayon\nWashing instructions\n    Machine wash cold, gentle cycle, Dry Clean', '790.00', '2022-10-15 17:12:04', '2022-11-25 10:57:27'),
(71, 18, 'GIRLS Printed Tiered Long Sleeve Dress', 'Tiered dress with a lovely airy cut. In a versatile small floral print', 'Please note that this product may have different product ID, even if it is the same item.\n\nFabric details\n    100% Cotton\nWashing instructions\n    Machine wash cold, gentle cycle, Do not Dry Clean', '790.00', '2022-10-15 17:21:10', '2022-11-25 10:57:27'),
(72, 18, 'KIDS Minecraft UT (Short Sleeve Graphic T-Shirt)', 'Minecraft, the globally popular game among a wide range of people, is back for UT!', 'Please note that this product may have different product ID, even if it is the same item.\n\nFabric details\n    100% Cotton\nWashing instructions\n    Machine wash cold, Do not Dry Clean', '390.00', '2022-10-15 17:32:45', '2022-11-25 10:57:27'),
(73, 18, 'KIDS Minecraft Sweat Long Sleeve Hoodie', 'Minecraft, the globally popular game among a wide range of people, is back for UT!', 'Please note that this product may have different product ID, even if it is the same item.\n\nFabric details\n    Body: 100% Cotton/ Rib: 78% Cotton, 22% Polyester\nWashing instructions\n    Machine wash cold, Do not Dry Clean', '790.00', '2022-10-15 17:36:05', '2022-11-25 10:57:27'),
(74, 18, 'GIRLS Sanrio Characters UT (Short Sleeve Graphic T-Shirt)', 'A cute collection featuring Sanrio characters and flowers is now available.', 'Please note that this product may have different product ID, even if it is the same item.\n\nFabric details\n    100% Cotton\nWashing instructions\n    Machine wash cold, Do not Dry Clean', '390.00', '2022-10-15 17:40:14', '2022-11-25 10:57:27'),
(75, 18, 'GIRLS Tuck Wide Tapered Pants (Solid)', 'Wide cut showcases the drape of the fabric. Wrinkle-resistant for easy care.', 'Please note that this product may have different product ID, even if it is the same item.\n\nFabric details\n    Body: 58% Modal, 42% Cotton/ Pocket Lining: Outer Layer: 80% Polyester, 20% Cotton/ Back: 58% Modal, 42% Cotton\nWashing instructions\n    Machine wash cold, gentle cycle, Do not Dry Clean', '790.00', '2022-10-15 17:49:59', '2022-11-25 10:57:27'),
(76, 18, 'GIRLS Tuck Wide Tapered Pants (Checked)', 'The silky fabric creates a charming flared silhouette. Wrinkle-resistant for easy care.', 'Please note that this product may have different product ID, even if it is the same item.\n\nFabric details\n    Body: 70% Polyester, 30% Rayon ( 64% Uses Recycled Polyester Fiber )/ Pocket Lining: Outer Layer: 65% Polyester, 35% Cotton/ Pocket Lining: Back: 70% Polyester, 30% Rayon ( 64% Uses Recycled Polyester Fiber )\nWashing instructions\n    Machine wash cold, gentle cycle, Do not Dry Clean', '790.00', '2022-10-15 17:57:27', '2022-11-25 10:57:27'),
(77, 18, 'GIRLS Mercerized Cotton Sleeveless Dress', 'A camisole dress with a sleek design. Effortlessly styles alone or layered with a T-shirt.', 'Please note that this product may have different product ID, even if it is the same item.\n\nFabric details\n    Shell: Lining: 100% Cotton\nWashing instructions\n    Machine wash cold, Do not Dry Clean', '390.00', '2022-10-15 18:01:23', '2022-11-25 10:57:27'),
(78, 17, 'KIDS AIRism Short Sleeve Set (Striped)', 'Relax in total comfort with our smooth, stay-fresh lounge set.', 'Please note that this product may have different product ID, even if it is the same item.\n\nFabric details\n    Tops: Body: 57% Cotton, 38% Polyester, 5% Spandex/ Rib: 97% Cotton, 3% Spandex/ Bottoms: 57% Cotton, 38% Polyester, 5% Spandex\nWashing instructions\n    Machine wash cold, Do not Dry Clean', '590.00', '2022-10-15 18:11:04', '2022-11-25 10:57:27'),
(79, 18, 'GIRLS AIRism Ultra Stretch Long Sleeve Set (Flower)', 'Lasting comfort and freshness. Incredibly stretchy for total relaxation.', 'Please note that this product may have different product ID, even if it is the same item.\n\nFabric details\n    Tops: Body: 49% Polyester, 44% Cotton, 7% Spandex/ Rib: 95% Cotton, 5% Spandex/ Bottoms: 49% Polyester, 44% Cotton, 7% Spandex\nWashing instructions\n    Machine wash cold, Do not Dry Clean', '790.00', '2022-10-15 18:15:59', '2022-11-25 10:57:27'),
(80, 18, 'GIRLS Drape Pants (Flower)', 'Loose-fitting easy pants. Elegant drape goes great with casual styles.', 'Please note that this product may have different product ID, even if it is the same item.\n\nFabric details\n    100% Rayon\nWashing instructions\n    Machine wash cold, gentle cycle', '390.00', '2022-10-15 18:26:55', '2022-11-25 10:57:27');

-- --------------------------------------------------------

--
-- Table structure for table `productcolor`
--

CREATE TABLE `productcolor` (
  `product_color_id` int(11) NOT NULL,
  `product_id` int(11) NOT NULL,
  `color_group_id` int(11) NOT NULL,
  `is_main_color` tinyint(1) NOT NULL DEFAULT 0
) ENGINE=InnoDB DEFAULT CHARSET=utf8mb4;

--
-- Dumping data for table `productcolor`
--

INSERT INTO `productcolor` (`product_color_id`, `product_id`, `color_group_id`, `is_main_color`) VALUES
(1, 1, 1, 1),
(2, 1, 2, 0),
(3, 2, 5, 0),
(4, 2, 3, 1),
(5, 3, 1, 1),
(6, 3, 4, 0),
(7, 3, 3, 0),
(8, 4, 20, 0),
(9, 4, 16, 0),
(10, 4, 6, 0),
(11, 4, 9, 0),
(12, 4, 3, 1),
(13, 5, 5, 0),
(14, 5, 20, 0),
(15, 5, 1, 0),
(16, 5, 2, 1),
(17, 6, 20, 0),
(18, 6, 1, 0),
(19, 6, 3, 1),
(20, 7, 1, 0),
(21, 7, 11, 1),
(22, 8, 21, 1),
(23, 8, 20, 0),
(24, 8, 13, 0),
(25, 8, 22, 0),
(26, 8, 4, 0),
(27, 9, 25, 1),
(28, 9, 20, 0),
(29, 9, 21, 0),
(30, 9, 10, 0),
(31, 9, 1, 0),
(32, 10, 14, 1),
(33, 10, 20, 0),
(34, 10, 4, 0),
(35, 10, 6, 0),
(36, 10, 1, 0),
(37, 11, 3, 1),
(38, 12, 21, 1),
(39, 12, 1, 0),
(40, 12, 4, 0),
(41, 12, 20, 0),
(42, 12, 24, 0),
(43, 13, 13, 1),
(44, 13, 20, 0),
(45, 13, 8, 0),
(46, 13, 10, 0),
(47, 14, 21, 1),
(48, 14, 20, 0),
(49, 14, 4, 0),
(50, 14, 8, 0),
(51, 14, 25, 0),
(52, 15, 3, 1),
(53, 15, 4, 0),
(54, 15, 19, 0),
(55, 15, 13, 0),
(56, 16, 1, 1),
(57, 16, 8, 0),
(58, 16, 20, 0),
(59, 17, 8, 1),
(60, 17, 1, 0),
(61, 17, 20, 0),
(62, 18, 21, 1),
(63, 18, 20, 0),
(64, 18, 17, 0),
(65, 18, 6, 0),
(66, 19, 17, 1),
(67, 19, 20, 0),
(68, 19, 4, 0),
(69, 20, 17, 1),
(70, 21, 20, 0),
(71, 21, 5, 1),
(72, 21, 16, 0),
(73, 22, 7, 1),
(74, 22, 20, 0),
(75, 23, 10, 1),
(76, 24, 17, 1),
(77, 24, 11, 0),
(80, 26, 20, 1),
(81, 27, 10, 1),
(82, 27, 20, 0),
(83, 28, 17, 1),
(84, 28, 10, 0),
(85, 29, 17, 1),
(86, 29, 4, 0),
(87, 29, 21, 0),
(88, 29, 15, 0),
(89, 30, 17, 1),
(90, 30, 19, 0),
(91, 30, 8, 0),
(92, 31, 14, 1),
(93, 31, 20, 0),
(94, 31, 21, 0),
(95, 32, 12, 1),
(96, 32, 8, 0),
(97, 32, 23, 0),
(98, 32, 5, 0),
(99, 33, 3, 1),
(100, 33, 20, 0),
(101, 33, 5, 0),
(102, 34, 17, 1),
(103, 34, 20, 0),
(104, 34, 3, 0),
(105, 35, 17, 1),
(106, 36, 15, 1),
(107, 36, 11, 0),
(108, 37, 16, 1),
(109, 37, 11, 0),
(110, 37, 6, 0),
(111, 38, 24, 1),
(112, 38, 17, 0),
(113, 38, 14, 0),
(114, 39, 3, 1),
(115, 39, 1, 0),
(117, 40, 10, 1),
(118, 40, 4, 0),
(119, 40, 15, 0),
(120, 40, 1, 0),
(121, 41, 17, 1),
(122, 41, 20, 0),
(123, 41, 12, 0),
(124, 41, 4, 0),
(125, 42, 8, 1),
(126, 42, 13, 0),
(127, 42, 20, 0),
(128, 42, 10, 0),
(129, 43, 1, 1),
(130, 43, 13, 0),
(131, 43, 10, 0),
(132, 43, 4, 0),
(133, 44, 20, 1),
(134, 45, 20, 1),
(135, 45, 17, 0),
(136, 46, 20, 1),
(137, 47, 11, 1),
(138, 47, 1, 0),
(139, 47, 2, 0),
(140, 48, 6, 1),
(141, 48, 20, 0),
(142, 48, 15, 0),
(143, 49, 20, 1),
(144, 50, 13, 1),
(145, 50, 22, 0),
(146, 50, 19, 0),
(147, 51, 4, 1),
(148, 51, 23, 0),
(149, 51, 14, 0),
(150, 52, 4, 1),
(151, 52, 20, 0),
(152, 52, 25, 0),
(153, 52, 3, 0),
(154, 53, 1, 1),
(155, 53, 4, 0),
(156, 53, 20, 0),
(157, 54, 20, 1),
(158, 54, 1, 0),
(159, 55, 16, 1),
(160, 55, 10, 0),
(161, 55, 18, 0),
(162, 56, 17, 1),
(163, 56, 20, 0),
(164, 56, 4, 0),
(165, 56, 9, 0),
(166, 57, 10, 1),
(167, 57, 20, 0),
(168, 57, 15, 0),
(169, 58, 1, 1),
(170, 58, 10, 0),
(171, 58, 22, 0),
(172, 58, 17, 0),
(173, 59, 3, 1),
(174, 59, 10, 0),
(175, 59, 20, 0),
(176, 60, 7, 1),
(177, 61, 15, 1),
(178, 61, 10, 0),
(179, 61, 20, 0),
(180, 61, 6, 0),
(181, 62, 6, 1),
(182, 62, 15, 0),
(183, 62, 1, 0),
(184, 63, 15, 1),
(185, 63, 20, 0),
(186, 63, 21, 0),
(187, 63, 8, 0),
(188, 64, 3, 1),
(189, 65, 15, 1),
(190, 65, 20, 0),
(191, 65, 23, 0),
(192, 65, 8, 0),
(193, 66, 25, 1),
(194, 66, 20, 0),
(195, 66, 21, 0),
(196, 66, 8, 0),
(197, 67, 20, 1),
(198, 67, 17, 0),
(199, 68, 1, 1),
(200, 69, 1, 1),
(201, 70, 1, 1),
(202, 70, 20, 0),
(203, 71, 8, 1),
(204, 71, 6, 0),
(205, 71, 13, 0),
(206, 72, 4, 1),
(207, 73, 13, 1),
(208, 73, 20, 0),
(209, 74, 8, 1),
(210, 74, 21, 0),
(211, 74, 1, 0),
(212, 75, 20, 1),
(213, 76, 6, 1),
(214, 76, 10, 0),
(215, 77, 8, 1),
(216, 77, 1, 0),
(217, 77, 5, 0),
(218, 78, 1, 1),
(219, 78, 19, 0),
(220, 79, 5, 1),
(221, 79, 13, 0),
(222, 80, 25, 1),
(223, 80, 21, 0);

-- --------------------------------------------------------

--
-- Table structure for table `productimage`
--

CREATE TABLE `productimage` (
  `product_color_id` int(11) NOT NULL,
  `img_link` varchar(128) NOT NULL
) ENGINE=InnoDB DEFAULT CHARSET=utf8mb4;

--
-- Dumping data for table `productimage`
--

INSERT INTO `productimage` (`product_color_id`, `img_link`) VALUES
(1, 'https://firebasestorage.googleapis.com/v0/b/simzy-b3068.appspot.com/o/1665596130380product1-1-1.webp?alt=media&token=4eba22e9-29'),
(1, 'https://firebasestorage.googleapis.com/v0/b/simzy-b3068.appspot.com/o/1665596130380product1-1-2.webp?alt=media&token=02e4c1ca-de'),
(1, 'https://firebasestorage.googleapis.com/v0/b/simzy-b3068.appspot.com/o/1665596130380product1-1-3.webp?alt=media&token=f8447870-3b'),
(1, 'https://firebasestorage.googleapis.com/v0/b/simzy-b3068.appspot.com/o/1665596130380product1-1-4.webp?alt=media&token=ad051d4b-ae'),
(1, 'https://firebasestorage.googleapis.com/v0/b/simzy-b3068.appspot.com/o/1665596130380product1-1-5.webp?alt=media&token=e6f5e594-8d'),
(2, 'https://firebasestorage.googleapis.com/v0/b/simzy-b3068.appspot.com/o/1665596423935product1-2-1.webp?alt=media&token=c53f5448-f8'),
(3, 'https://firebasestorage.googleapis.com/v0/b/simzy-b3068.appspot.com/o/1665597571862product2-1-1.webp?alt=media&token=dbaf526b-44'),
(4, 'https://firebasestorage.googleapis.com/v0/b/simzy-b3068.appspot.com/o/1665597847393product2-2-1.webp?alt=media&token=8b1ca95d-68'),
(4, 'https://firebasestorage.googleapis.com/v0/b/simzy-b3068.appspot.com/o/1665597847393product2-2-2.webp?alt=media&token=828e3f56-a6'),
(4, 'https://firebasestorage.googleapis.com/v0/b/simzy-b3068.appspot.com/o/1665597847393product2-2-3.webp?alt=media&token=f29345f1-e7'),
(4, 'https://firebasestorage.googleapis.com/v0/b/simzy-b3068.appspot.com/o/1665597847393product2-2-4.webp?alt=media&token=a85f48a5-89'),
(4, 'https://firebasestorage.googleapis.com/v0/b/simzy-b3068.appspot.com/o/1665597847393product2-2-5.webp?alt=media&token=6bb763eb-35'),
(5, 'https://firebasestorage.googleapis.com/v0/b/simzy-b3068.appspot.com/o/1665681049895product3-1-1.webp?alt=media&token=37acc5d5-ff'),
(5, 'https://firebasestorage.googleapis.com/v0/b/simzy-b3068.appspot.com/o/1665681049895product3-1-2.webp?alt=media&token=134b122d-53'),
(5, 'https://firebasestorage.googleapis.com/v0/b/simzy-b3068.appspot.com/o/1665681049895product3-1-3.webp?alt=media&token=e2035fba-bd'),
(5, 'https://firebasestorage.googleapis.com/v0/b/simzy-b3068.appspot.com/o/1665681049895product3-1-4.webp?alt=media&token=04cc215c-21'),
(5, 'https://firebasestorage.googleapis.com/v0/b/simzy-b3068.appspot.com/o/1665681049895product3-1-5.webp?alt=media&token=9c650a78-04'),
(6, 'https://firebasestorage.googleapis.com/v0/b/simzy-b3068.appspot.com/o/1665681096879product3-2-1.webp?alt=media&token=a9376495-79'),
(7, 'https://firebasestorage.googleapis.com/v0/b/simzy-b3068.appspot.com/o/1665681121688product3-3-1.webp?alt=media&token=51e5c327-31'),
(8, 'https://firebasestorage.googleapis.com/v0/b/simzy-b3068.appspot.com/o/1665684176905product4-1-1.webp?alt=media&token=fa76462f-7e'),
(9, 'https://firebasestorage.googleapis.com/v0/b/simzy-b3068.appspot.com/o/1665684230656product4-2-1.webp?alt=media&token=16a1f038-ed'),
(10, 'https://firebasestorage.googleapis.com/v0/b/simzy-b3068.appspot.com/o/1665684284013product4-3-1.webp?alt=media&token=cd88d157-4e'),
(11, 'https://firebasestorage.googleapis.com/v0/b/simzy-b3068.appspot.com/o/1665684491077product4-4-1.webp?alt=media&token=daab3839-37'),
(12, 'https://firebasestorage.googleapis.com/v0/b/simzy-b3068.appspot.com/o/1665682196953product4-5-1.webp?alt=media&token=2625dd3c-81'),
(12, 'https://firebasestorage.googleapis.com/v0/b/simzy-b3068.appspot.com/o/1665682196953product4-5-2.webp?alt=media&token=70064280-1f'),
(12, 'https://firebasestorage.googleapis.com/v0/b/simzy-b3068.appspot.com/o/1665682196953product4-5-3.webp?alt=media&token=c11e49fe-9f'),
(12, 'https://firebasestorage.googleapis.com/v0/b/simzy-b3068.appspot.com/o/1665682196953product4-5-4.webp?alt=media&token=658c4e02-4c'),
(12, 'https://firebasestorage.googleapis.com/v0/b/simzy-b3068.appspot.com/o/1665682196953product4-5-5.webp?alt=media&token=9bb81df0-5a'),
(13, 'https://firebasestorage.googleapis.com/v0/b/simzy-b3068.appspot.com/o/1665686352745product5-1-1.webp?alt=media&token=f2efde55-aa'),
(14, 'https://firebasestorage.googleapis.com/v0/b/simzy-b3068.appspot.com/o/1665686428630product5-2-1.webp?alt=media&token=279b8a47-f3'),
(15, 'https://firebasestorage.googleapis.com/v0/b/simzy-b3068.appspot.com/o/1665686483541product5-3-1.webp?alt=media&token=953840a2-41'),
(16, 'https://firebasestorage.googleapis.com/v0/b/simzy-b3068.appspot.com/o/1665685736752product5-4-1.webp?alt=media&token=151b2953-93'),
(16, 'https://firebasestorage.googleapis.com/v0/b/simzy-b3068.appspot.com/o/1665685736752product5-4-2.webp?alt=media&token=c54b33dd-d6'),
(16, 'https://firebasestorage.googleapis.com/v0/b/simzy-b3068.appspot.com/o/1665685736752product5-4-3.webp?alt=media&token=2edb0e9d-c6'),
(16, 'https://firebasestorage.googleapis.com/v0/b/simzy-b3068.appspot.com/o/1665685736752product5-4-4.webp?alt=media&token=745c0da1-28'),
(16, 'https://firebasestorage.googleapis.com/v0/b/simzy-b3068.appspot.com/o/1665685736752product5-4-5.webp?alt=media&token=9c63ea00-05'),
(17, 'https://firebasestorage.googleapis.com/v0/b/simzy-b3068.appspot.com/o/1665687975448product6-1-1.webp?alt=media&token=454b018b-7f'),
(18, 'https://firebasestorage.googleapis.com/v0/b/simzy-b3068.appspot.com/o/1665688023835product6-2-1.webp?alt=media&token=f2baa4e0-ca'),
(19, 'https://firebasestorage.googleapis.com/v0/b/simzy-b3068.appspot.com/o/1665687903934product6-3-1.webp?alt=media&token=9f10b747-1d'),
(19, 'https://firebasestorage.googleapis.com/v0/b/simzy-b3068.appspot.com/o/1665687903934product6-3-2.webp?alt=media&token=2656db19-74'),
(19, 'https://firebasestorage.googleapis.com/v0/b/simzy-b3068.appspot.com/o/1665687903934product6-3-3.webp?alt=media&token=139341c9-e3'),
(19, 'https://firebasestorage.googleapis.com/v0/b/simzy-b3068.appspot.com/o/1665687903934product6-3-4.webp?alt=media&token=af2b8da9-7a'),
(19, 'https://firebasestorage.googleapis.com/v0/b/simzy-b3068.appspot.com/o/1665687903934product6-3-5.webp?alt=media&token=a7fea0f9-8c'),
(20, 'https://firebasestorage.googleapis.com/v0/b/simzy-b3068.appspot.com/o/1665751046674product7-1-1.webp?alt=media&token=61f21a42-71'),
(21, 'https://firebasestorage.googleapis.com/v0/b/simzy-b3068.appspot.com/o/1665750729574product7-2-1.webp?alt=media&token=b0d08506-01'),
(21, 'https://firebasestorage.googleapis.com/v0/b/simzy-b3068.appspot.com/o/1665750729574product7-2-2.webp?alt=media&token=51a13f25-f9'),
(21, 'https://firebasestorage.googleapis.com/v0/b/simzy-b3068.appspot.com/o/1665750729574product7-2-3.webp?alt=media&token=2b578608-fb'),
(21, 'https://firebasestorage.googleapis.com/v0/b/simzy-b3068.appspot.com/o/1665750729574product7-2-4.webp?alt=media&token=62b48f0f-45'),
(21, 'https://firebasestorage.googleapis.com/v0/b/simzy-b3068.appspot.com/o/1665750729574product7-2-5.webp?alt=media&token=7d7e8ef6-fa'),
(22, 'https://firebasestorage.googleapis.com/v0/b/simzy-b3068.appspot.com/o/1665751891899product8-1-1.webp?alt=media&token=716b3537-f2'),
(22, 'https://firebasestorage.googleapis.com/v0/b/simzy-b3068.appspot.com/o/1665751891899product8-1-2.webp?alt=media&token=c158ff67-3a'),
(22, 'https://firebasestorage.googleapis.com/v0/b/simzy-b3068.appspot.com/o/1665751891899product8-1-3.webp?alt=media&token=6db8b95d-e1'),
(22, 'https://firebasestorage.googleapis.com/v0/b/simzy-b3068.appspot.com/o/1665751891899product8-1-4.webp?alt=media&token=0baa90d6-b4'),
(22, 'https://firebasestorage.googleapis.com/v0/b/simzy-b3068.appspot.com/o/1665751891899product8-1-5.webp?alt=media&token=2c73fca1-9c'),
(23, 'https://firebasestorage.googleapis.com/v0/b/simzy-b3068.appspot.com/o/1665752511306product8-2-1.webp?alt=media&token=92f31083-e7'),
(24, 'https://firebasestorage.googleapis.com/v0/b/simzy-b3068.appspot.com/o/1665752563779product8-3-1.webp?alt=media&token=34c4d761-2a'),
(25, 'https://firebasestorage.googleapis.com/v0/b/simzy-b3068.appspot.com/o/1665752608918product8-4-1.webp?alt=media&token=02bae927-b3'),
(26, 'https://firebasestorage.googleapis.com/v0/b/simzy-b3068.appspot.com/o/1665752624177product8-5-1.webp?alt=media&token=a30e3f67-11'),
(27, 'https://firebasestorage.googleapis.com/v0/b/simzy-b3068.appspot.com/o/1665753789448product9-1-1.webp?alt=media&token=0e6493eb-21'),
(27, 'https://firebasestorage.googleapis.com/v0/b/simzy-b3068.appspot.com/o/1665753789448product9-1-2.webp?alt=media&token=5c60684c-b7'),
(27, 'https://firebasestorage.googleapis.com/v0/b/simzy-b3068.appspot.com/o/1665753789448product9-1-3.webp?alt=media&token=012d2686-38'),
(27, 'https://firebasestorage.googleapis.com/v0/b/simzy-b3068.appspot.com/o/1665753789448product9-1-4.webp?alt=media&token=4ac0950b-39'),
(27, 'https://firebasestorage.googleapis.com/v0/b/simzy-b3068.appspot.com/o/1665753789448product9-1-5.webp?alt=media&token=eb9eb534-95'),
(28, 'https://firebasestorage.googleapis.com/v0/b/simzy-b3068.appspot.com/o/1665753870951product9-2-1.webp?alt=media&token=21c5ef93-cc'),
(29, 'https://firebasestorage.googleapis.com/v0/b/simzy-b3068.appspot.com/o/1665753880526product9-3-1.webp?alt=media&token=1a0eb129-b5'),
(30, 'https://firebasestorage.googleapis.com/v0/b/simzy-b3068.appspot.com/o/1665753891837product9-4-1.webp?alt=media&token=d05da11b-f6'),
(31, 'https://firebasestorage.googleapis.com/v0/b/simzy-b3068.appspot.com/o/1665754398854product9-5-1.webp?alt=media&token=8a2d4e52-78'),
(32, 'https://firebasestorage.googleapis.com/v0/b/simzy-b3068.appspot.com/o/1665754630674product10-1-1.webp?alt=media&token=6fe69be9-c'),
(32, 'https://firebasestorage.googleapis.com/v0/b/simzy-b3068.appspot.com/o/1665754630674product10-1-2.webp?alt=media&token=e1909e96-1'),
(32, 'https://firebasestorage.googleapis.com/v0/b/simzy-b3068.appspot.com/o/1665754630674product10-1-3.webp?alt=media&token=eb9dd5ca-5'),
(32, 'https://firebasestorage.googleapis.com/v0/b/simzy-b3068.appspot.com/o/1665754630674product10-1-4.webp?alt=media&token=aad3a28a-c'),
(32, 'https://firebasestorage.googleapis.com/v0/b/simzy-b3068.appspot.com/o/1665754630674product10-1-5.webp?alt=media&token=222dbd56-2'),
(33, 'https://firebasestorage.googleapis.com/v0/b/simzy-b3068.appspot.com/o/1665754712082product10-2-1.webp?alt=media&token=262c6f80-d'),
(34, 'https://firebasestorage.googleapis.com/v0/b/simzy-b3068.appspot.com/o/1665754720418product10-3-1.webp?alt=media&token=a085a844-2'),
(35, 'https://firebasestorage.googleapis.com/v0/b/simzy-b3068.appspot.com/o/1665754728956product10-4-1.webp?alt=media&token=8cc4decd-f'),
(36, 'https://firebasestorage.googleapis.com/v0/b/simzy-b3068.appspot.com/o/1665755381955product10-5-1.webp?alt=media&token=1dd1b913-e'),
(37, 'https://firebasestorage.googleapis.com/v0/b/simzy-b3068.appspot.com/o/1665756045008product11-1-1.webp?alt=media&token=fb28e6d6-8'),
(37, 'https://firebasestorage.googleapis.com/v0/b/simzy-b3068.appspot.com/o/1665756045008product11-1-2.webp?alt=media&token=5e808c7f-6'),
(37, 'https://firebasestorage.googleapis.com/v0/b/simzy-b3068.appspot.com/o/1665756045008product11-1-3.webp?alt=media&token=e53c3753-1'),
(37, 'https://firebasestorage.googleapis.com/v0/b/simzy-b3068.appspot.com/o/1665756045008product11-1-4.webp?alt=media&token=f630f088-e'),
(37, 'https://firebasestorage.googleapis.com/v0/b/simzy-b3068.appspot.com/o/1665756045008product11-1-5.webp?alt=media&token=f1c69536-9'),
(38, 'https://firebasestorage.googleapis.com/v0/b/simzy-b3068.appspot.com/o/1665756755964product12-1-1.webp?alt=media&token=0b3d2367-0'),
(38, 'https://firebasestorage.googleapis.com/v0/b/simzy-b3068.appspot.com/o/1665756755964product12-1-2.webp?alt=media&token=cde34d7f-6'),
(38, 'https://firebasestorage.googleapis.com/v0/b/simzy-b3068.appspot.com/o/1665756755964product12-1-3.webp?alt=media&token=6982d099-3'),
(38, 'https://firebasestorage.googleapis.com/v0/b/simzy-b3068.appspot.com/o/1665756755964product12-1-4.webp?alt=media&token=6c14d660-a'),
(38, 'https://firebasestorage.googleapis.com/v0/b/simzy-b3068.appspot.com/o/1665756755964product12-1-5.webp?alt=media&token=494619c4-1'),
(39, 'https://firebasestorage.googleapis.com/v0/b/simzy-b3068.appspot.com/o/1665756819827product12-2-1.webp?alt=media&token=5a47a3e4-1'),
(40, 'https://firebasestorage.googleapis.com/v0/b/simzy-b3068.appspot.com/o/1665756883530product12-3-1.webp?alt=media&token=b37c7c84-c'),
(41, 'https://firebasestorage.googleapis.com/v0/b/simzy-b3068.appspot.com/o/1665756894250product12-4-1.webp?alt=media&token=c864358a-c'),
(42, 'https://firebasestorage.googleapis.com/v0/b/simzy-b3068.appspot.com/o/1665756903319product12-5-1.webp?alt=media&token=b337dd88-d'),
(43, 'https://firebasestorage.googleapis.com/v0/b/simzy-b3068.appspot.com/o/1665757353661product13-1-1.webp?alt=media&token=b38734b7-6'),
(43, 'https://firebasestorage.googleapis.com/v0/b/simzy-b3068.appspot.com/o/1665757353661product13-1-2.webp?alt=media&token=ad0dbf7c-8'),
(43, 'https://firebasestorage.googleapis.com/v0/b/simzy-b3068.appspot.com/o/1665757353661product13-1-3.webp?alt=media&token=9de8afb8-8'),
(43, 'https://firebasestorage.googleapis.com/v0/b/simzy-b3068.appspot.com/o/1665757353661product13-1-4.webp?alt=media&token=7bdddf39-6'),
(43, 'https://firebasestorage.googleapis.com/v0/b/simzy-b3068.appspot.com/o/1665757353661product13-1-5.webp?alt=media&token=3193639b-e'),
(44, 'https://firebasestorage.googleapis.com/v0/b/simzy-b3068.appspot.com/o/1665757414029product13-2-1.webp?alt=media&token=901187d5-0'),
(45, 'https://firebasestorage.googleapis.com/v0/b/simzy-b3068.appspot.com/o/1665757427424product13-3-1.webp?alt=media&token=472b9821-0'),
(46, 'https://firebasestorage.googleapis.com/v0/b/simzy-b3068.appspot.com/o/1665757437443product13-4-1.webp?alt=media&token=e84aa494-e'),
(47, 'https://firebasestorage.googleapis.com/v0/b/simzy-b3068.appspot.com/o/1665758008622product14-1-1.webp?alt=media&token=dbeef3b0-c'),
(47, 'https://firebasestorage.googleapis.com/v0/b/simzy-b3068.appspot.com/o/1665758008622product14-1-2.webp?alt=media&token=b93ba364-4'),
(47, 'https://firebasestorage.googleapis.com/v0/b/simzy-b3068.appspot.com/o/1665758008622product14-1-3.webp?alt=media&token=0fcfd0fa-b'),
(47, 'https://firebasestorage.googleapis.com/v0/b/simzy-b3068.appspot.com/o/1665758008622product14-1-4.webp?alt=media&token=4ac08bbb-1'),
(47, 'https://firebasestorage.googleapis.com/v0/b/simzy-b3068.appspot.com/o/1665758008622product14-1-5.webp?alt=media&token=7e868974-d'),
(48, 'https://firebasestorage.googleapis.com/v0/b/simzy-b3068.appspot.com/o/1665758100751product14-2-1.webp?alt=media&token=ba3714aa-f'),
(49, 'https://firebasestorage.googleapis.com/v0/b/simzy-b3068.appspot.com/o/1665758109962product14-3-1.webp?alt=media&token=d2ece09d-d'),
(50, 'https://firebasestorage.googleapis.com/v0/b/simzy-b3068.appspot.com/o/1665758125666product14-4-1.webp?alt=media&token=cac118f7-3'),
(51, 'https://firebasestorage.googleapis.com/v0/b/simzy-b3068.appspot.com/o/1665758136620product14-5-1.webp?alt=media&token=561405b2-6'),
(52, 'https://firebasestorage.googleapis.com/v0/b/simzy-b3068.appspot.com/o/1665758676295product14-1-1.webp?alt=media&token=84ed048d-f'),
(52, 'https://firebasestorage.googleapis.com/v0/b/simzy-b3068.appspot.com/o/1665758676295product14-1-2.webp?alt=media&token=116550df-e'),
(52, 'https://firebasestorage.googleapis.com/v0/b/simzy-b3068.appspot.com/o/1665758676295product14-1-3.webp?alt=media&token=0d06c4e5-2'),
(52, 'https://firebasestorage.googleapis.com/v0/b/simzy-b3068.appspot.com/o/1665758676295product14-1-4.webp?alt=media&token=611be168-3'),
(52, 'https://firebasestorage.googleapis.com/v0/b/simzy-b3068.appspot.com/o/1665758676295product14-1-5.webp?alt=media&token=9c61d700-7'),
(53, 'https://firebasestorage.googleapis.com/v0/b/simzy-b3068.appspot.com/o/1665758826983product14-2-1.webp?alt=media&token=f73c4f33-3'),
(54, 'https://firebasestorage.googleapis.com/v0/b/simzy-b3068.appspot.com/o/1665758864171product14-3-1.webp?alt=media&token=6cd12675-f'),
(55, 'https://firebasestorage.googleapis.com/v0/b/simzy-b3068.appspot.com/o/1665758871967product14-4-1.webp?alt=media&token=b828d266-5'),
(56, 'https://firebasestorage.googleapis.com/v0/b/simzy-b3068.appspot.com/o/1665759471237product15-1-1.webp?alt=media&token=1ff029de-5'),
(56, 'https://firebasestorage.googleapis.com/v0/b/simzy-b3068.appspot.com/o/1665759471237product15-1-2.webp?alt=media&token=13bd361b-3'),
(56, 'https://firebasestorage.googleapis.com/v0/b/simzy-b3068.appspot.com/o/1665759471237product15-1-3.webp?alt=media&token=42d2d342-f'),
(56, 'https://firebasestorage.googleapis.com/v0/b/simzy-b3068.appspot.com/o/1665759471237product15-1-4.webp?alt=media&token=7ee87acc-b'),
(56, 'https://firebasestorage.googleapis.com/v0/b/simzy-b3068.appspot.com/o/1665759471237product15-1-5.webp?alt=media&token=89bf8542-0'),
(57, 'https://firebasestorage.googleapis.com/v0/b/simzy-b3068.appspot.com/o/1665759511958product15-2-1.webp?alt=media&token=e425041e-9'),
(58, 'https://firebasestorage.googleapis.com/v0/b/simzy-b3068.appspot.com/o/1665759520883product15-3-1.webp?alt=media&token=bdfe1278-0'),
(59, 'https://firebasestorage.googleapis.com/v0/b/simzy-b3068.appspot.com/o/1665759831613product16-1-1.webp?alt=media&token=fd67ec71-3'),
(59, 'https://firebasestorage.googleapis.com/v0/b/simzy-b3068.appspot.com/o/1665759831613product16-1-2.webp?alt=media&token=e2a95875-2'),
(59, 'https://firebasestorage.googleapis.com/v0/b/simzy-b3068.appspot.com/o/1665759831613product16-1-3.webp?alt=media&token=54cbf5b2-e'),
(59, 'https://firebasestorage.googleapis.com/v0/b/simzy-b3068.appspot.com/o/1665759831613product16-1-4.webp?alt=media&token=0e5dd86a-d'),
(59, 'https://firebasestorage.googleapis.com/v0/b/simzy-b3068.appspot.com/o/1665759831613product16-1-5.webp?alt=media&token=905f11f5-0'),
(60, 'https://firebasestorage.googleapis.com/v0/b/simzy-b3068.appspot.com/o/1665759844347product16-2-1.webp?alt=media&token=19abfc4c-1'),
(61, 'https://firebasestorage.googleapis.com/v0/b/simzy-b3068.appspot.com/o/1665759851838product16-3-1.webp?alt=media&token=eef7a349-1'),
(62, 'https://firebasestorage.googleapis.com/v0/b/simzy-b3068.appspot.com/o/1665760400130product18-1-1.webp?alt=media&token=bd45e5d7-5'),
(62, 'https://firebasestorage.googleapis.com/v0/b/simzy-b3068.appspot.com/o/1665760400130product18-1-2.webp?alt=media&token=6983eddc-2'),
(62, 'https://firebasestorage.googleapis.com/v0/b/simzy-b3068.appspot.com/o/1665760400130product18-1-3.webp?alt=media&token=cebedd70-2'),
(62, 'https://firebasestorage.googleapis.com/v0/b/simzy-b3068.appspot.com/o/1665760400130product18-1-4.webp?alt=media&token=757795c8-c'),
(62, 'https://firebasestorage.googleapis.com/v0/b/simzy-b3068.appspot.com/o/1665760400130product18-1-5.webp?alt=media&token=dddb1bbb-6'),
(63, 'https://firebasestorage.googleapis.com/v0/b/simzy-b3068.appspot.com/o/1665760454835product18-2-1.webp?alt=media&token=bd8854ee-f'),
(64, 'https://firebasestorage.googleapis.com/v0/b/simzy-b3068.appspot.com/o/1665760462747product18-3-1.webp?alt=media&token=117d79fe-0'),
(65, 'https://firebasestorage.googleapis.com/v0/b/simzy-b3068.appspot.com/o/1665760471550product18-4-1.webp?alt=media&token=adfdb7d5-a'),
(66, 'https://firebasestorage.googleapis.com/v0/b/simzy-b3068.appspot.com/o/1665760826363product19-1-1.webp?alt=media&token=952d759f-6'),
(66, 'https://firebasestorage.googleapis.com/v0/b/simzy-b3068.appspot.com/o/1665760826363product19-1-2.webp?alt=media&token=8fcc16f9-c'),
(66, 'https://firebasestorage.googleapis.com/v0/b/simzy-b3068.appspot.com/o/1665760826363product19-1-3.webp?alt=media&token=c7696610-c'),
(66, 'https://firebasestorage.googleapis.com/v0/b/simzy-b3068.appspot.com/o/1665760826363product19-1-4.webp?alt=media&token=6aba9ff7-d'),
(66, 'https://firebasestorage.googleapis.com/v0/b/simzy-b3068.appspot.com/o/1665760826363product19-1-5.webp?alt=media&token=76fda683-a'),
(67, 'https://firebasestorage.googleapis.com/v0/b/simzy-b3068.appspot.com/o/1665760864652product19-2-1.webp?alt=media&token=8c2d31b7-5'),
(68, 'https://firebasestorage.googleapis.com/v0/b/simzy-b3068.appspot.com/o/1665760872146product19-3-1.webp?alt=media&token=36f1caa5-4'),
(69, 'https://firebasestorage.googleapis.com/v0/b/simzy-b3068.appspot.com/o/1665761836627product20-1-1.webp?alt=media&token=b2eda920-8'),
(69, 'https://firebasestorage.googleapis.com/v0/b/simzy-b3068.appspot.com/o/1665761836627product20-1-2.webp?alt=media&token=b014bf95-0'),
(69, 'https://firebasestorage.googleapis.com/v0/b/simzy-b3068.appspot.com/o/1665761836627product20-1-3.webp?alt=media&token=63decfef-5'),
(69, 'https://firebasestorage.googleapis.com/v0/b/simzy-b3068.appspot.com/o/1665761836627product20-1-4.webp?alt=media&token=caf8b984-0'),
(69, 'https://firebasestorage.googleapis.com/v0/b/simzy-b3068.appspot.com/o/1665761836627product20-1-5.webp?alt=media&token=21dbf2ec-0'),
(70, 'https://firebasestorage.googleapis.com/v0/b/simzy-b3068.appspot.com/o/1665762366200product21-2-1.webp?alt=media&token=7e36ee93-b'),
(71, 'https://firebasestorage.googleapis.com/v0/b/simzy-b3068.appspot.com/o/1665762093772product21-1-1.webp?alt=media&token=d9507810-8'),
(71, 'https://firebasestorage.googleapis.com/v0/b/simzy-b3068.appspot.com/o/1665762093772product21-1-2.webp?alt=media&token=ba424b85-7'),
(71, 'https://firebasestorage.googleapis.com/v0/b/simzy-b3068.appspot.com/o/1665762093772product21-1-3.webp?alt=media&token=4c1b743a-b'),
(71, 'https://firebasestorage.googleapis.com/v0/b/simzy-b3068.appspot.com/o/1665762093772product21-1-4.webp?alt=media&token=1b2fa9c4-6'),
(71, 'https://firebasestorage.googleapis.com/v0/b/simzy-b3068.appspot.com/o/1665762093772product21-1-5.webp?alt=media&token=e21d7693-7'),
(72, 'https://firebasestorage.googleapis.com/v0/b/simzy-b3068.appspot.com/o/1665762375025product21-3-1.webp?alt=media&token=64d2fdf2-8'),
(73, 'https://firebasestorage.googleapis.com/v0/b/simzy-b3068.appspot.com/o/1665762953980product22-1-1.webp?alt=media&token=4e0d5922-c'),
(73, 'https://firebasestorage.googleapis.com/v0/b/simzy-b3068.appspot.com/o/1665762953980product22-1-2.webp?alt=media&token=591c5bc0-b'),
(73, 'https://firebasestorage.googleapis.com/v0/b/simzy-b3068.appspot.com/o/1665762953980product22-1-3.webp?alt=media&token=0dc4b0a9-a'),
(73, 'https://firebasestorage.googleapis.com/v0/b/simzy-b3068.appspot.com/o/1665762953980product22-1-4.webp?alt=media&token=1807dfe1-b'),
(73, 'https://firebasestorage.googleapis.com/v0/b/simzy-b3068.appspot.com/o/1665762953980product22-1-5.webp?alt=media&token=83779ddf-d'),
(74, 'https://firebasestorage.googleapis.com/v0/b/simzy-b3068.appspot.com/o/1665763054516product22-2-1.webp?alt=media&token=ae8d14fe-3'),
(75, 'https://firebasestorage.googleapis.com/v0/b/simzy-b3068.appspot.com/o/1665763437054product23-1-1.webp?alt=media&token=b28b5de7-a'),
(75, 'https://firebasestorage.googleapis.com/v0/b/simzy-b3068.appspot.com/o/1665763437054product23-1-2.webp?alt=media&token=d82fec8a-e'),
(75, 'https://firebasestorage.googleapis.com/v0/b/simzy-b3068.appspot.com/o/1665763437054product23-1-3.webp?alt=media&token=474ff8e7-d'),
(75, 'https://firebasestorage.googleapis.com/v0/b/simzy-b3068.appspot.com/o/1665763437054product23-1-4.webp?alt=media&token=e588f21b-2'),
(75, 'https://firebasestorage.googleapis.com/v0/b/simzy-b3068.appspot.com/o/1665763437054product23-1-5.webp?alt=media&token=af618b2f-5'),
(76, 'https://firebasestorage.googleapis.com/v0/b/simzy-b3068.appspot.com/o/1665763772052product24-1-1.webp?alt=media&token=dc6b9853-b'),
(76, 'https://firebasestorage.googleapis.com/v0/b/simzy-b3068.appspot.com/o/1665763772052product24-1-2.webp?alt=media&token=0699666a-6'),
(76, 'https://firebasestorage.googleapis.com/v0/b/simzy-b3068.appspot.com/o/1665763772052product24-1-3.webp?alt=media&token=821bce69-3'),
(76, 'https://firebasestorage.googleapis.com/v0/b/simzy-b3068.appspot.com/o/1665763772052product24-1-4.webp?alt=media&token=e4a1e022-0'),
(76, 'https://firebasestorage.googleapis.com/v0/b/simzy-b3068.appspot.com/o/1665763772052product24-1-5.webp?alt=media&token=a1b4ebeb-d'),
(77, 'https://firebasestorage.googleapis.com/v0/b/simzy-b3068.appspot.com/o/1665763802088product24-2-1.webp?alt=media&token=ab3eb117-e'),
(80, 'https://firebasestorage.googleapis.com/v0/b/simzy-b3068.appspot.com/o/1665765079335product26-1-1.webp?alt=media&token=ff1fe5fa-2'),
(80, 'https://firebasestorage.googleapis.com/v0/b/simzy-b3068.appspot.com/o/1665765079335product26-1-2.webp?alt=media&token=7d44ced0-a'),
(80, 'https://firebasestorage.googleapis.com/v0/b/simzy-b3068.appspot.com/o/1665765079336product26-1-3.webp?alt=media&token=42ab1013-b'),
(80, 'https://firebasestorage.googleapis.com/v0/b/simzy-b3068.appspot.com/o/1665765079336product26-1-4.webp?alt=media&token=88ee9137-4'),
(80, 'https://firebasestorage.googleapis.com/v0/b/simzy-b3068.appspot.com/o/1665765079336product26-1-5.webp?alt=media&token=a5cb42ca-a'),
(81, 'https://firebasestorage.googleapis.com/v0/b/simzy-b3068.appspot.com/o/1665765578452product27-1-1.webp?alt=media&token=0293f212-f'),
(81, 'https://firebasestorage.googleapis.com/v0/b/simzy-b3068.appspot.com/o/1665765578452product27-1-2.webp?alt=media&token=114192a2-6'),
(81, 'https://firebasestorage.googleapis.com/v0/b/simzy-b3068.appspot.com/o/1665765578452product27-1-3.webp?alt=media&token=d2d21473-5'),
(81, 'https://firebasestorage.googleapis.com/v0/b/simzy-b3068.appspot.com/o/1665765578452product27-1-4.webp?alt=media&token=45f08403-b'),
(81, 'https://firebasestorage.googleapis.com/v0/b/simzy-b3068.appspot.com/o/1665765578452product27-1-5.webp?alt=media&token=b5ff58d2-0'),
(82, 'https://firebasestorage.googleapis.com/v0/b/simzy-b3068.appspot.com/o/1665765613732product27-2-1.webp?alt=media&token=e8a38d57-a'),
(83, 'https://firebasestorage.googleapis.com/v0/b/simzy-b3068.appspot.com/o/1665768636434product28-1-1.webp?alt=media&token=6cb662fa-5'),
(83, 'https://firebasestorage.googleapis.com/v0/b/simzy-b3068.appspot.com/o/1665768636434product28-1-2.webp?alt=media&token=07fc355b-1'),
(83, 'https://firebasestorage.googleapis.com/v0/b/simzy-b3068.appspot.com/o/1665768636434product28-1-3.webp?alt=media&token=198dcef1-8'),
(83, 'https://firebasestorage.googleapis.com/v0/b/simzy-b3068.appspot.com/o/1665768636434product28-1-4.webp?alt=media&token=fcb8c973-9'),
(83, 'https://firebasestorage.googleapis.com/v0/b/simzy-b3068.appspot.com/o/1665768636434product28-1-5.webp?alt=media&token=7d74618f-1'),
(84, 'https://firebasestorage.googleapis.com/v0/b/simzy-b3068.appspot.com/o/1665768670355product28-2-1.webp?alt=media&token=3ea65f59-8'),
(85, 'https://firebasestorage.googleapis.com/v0/b/simzy-b3068.appspot.com/o/1665769309803product29-1-1.webp?alt=media&token=4444b6cb-5'),
(85, 'https://firebasestorage.googleapis.com/v0/b/simzy-b3068.appspot.com/o/1665769309803product29-1-2.webp?alt=media&token=cbc90ed6-b'),
(85, 'https://firebasestorage.googleapis.com/v0/b/simzy-b3068.appspot.com/o/1665769309803product29-1-3.webp?alt=media&token=6f3282ff-a'),
(85, 'https://firebasestorage.googleapis.com/v0/b/simzy-b3068.appspot.com/o/1665769309803product29-1-4.webp?alt=media&token=a32ceaed-f'),
(85, 'https://firebasestorage.googleapis.com/v0/b/simzy-b3068.appspot.com/o/1665769309803product29-1-5.webp?alt=media&token=439cb442-f'),
(86, 'https://firebasestorage.googleapis.com/v0/b/simzy-b3068.appspot.com/o/1665769371370product29-2-1.webp?alt=media&token=f2b8ac3b-0'),
(87, 'https://firebasestorage.googleapis.com/v0/b/simzy-b3068.appspot.com/o/1665769382866product29-3-1.webp?alt=media&token=d749eb6b-9'),
(88, 'https://firebasestorage.googleapis.com/v0/b/simzy-b3068.appspot.com/o/1665769392410product29-4-1.webp?alt=media&token=7b331604-5'),
(89, 'https://firebasestorage.googleapis.com/v0/b/simzy-b3068.appspot.com/o/1665769729492product30-1-1.webp?alt=media&token=80cbd181-7'),
(89, 'https://firebasestorage.googleapis.com/v0/b/simzy-b3068.appspot.com/o/1665769729492product30-1-2.webp?alt=media&token=8b80aaea-a'),
(89, 'https://firebasestorage.googleapis.com/v0/b/simzy-b3068.appspot.com/o/1665769729492product30-1-3.webp?alt=media&token=31a45dc9-f'),
(89, 'https://firebasestorage.googleapis.com/v0/b/simzy-b3068.appspot.com/o/1665769729492product30-1-4.webp?alt=media&token=a4b45e34-3'),
(89, 'https://firebasestorage.googleapis.com/v0/b/simzy-b3068.appspot.com/o/1665769729492product30-1-5.webp?alt=media&token=d9791d1e-b'),
(90, 'https://firebasestorage.googleapis.com/v0/b/simzy-b3068.appspot.com/o/1665769778473product30-2-1.webp?alt=media&token=8029964a-c'),
(91, 'https://firebasestorage.googleapis.com/v0/b/simzy-b3068.appspot.com/o/1665769792722product30-3-1.webp?alt=media&token=137068c1-5'),
(92, 'https://firebasestorage.googleapis.com/v0/b/simzy-b3068.appspot.com/o/1665770415084product31-1-1.webp?alt=media&token=e48e86af-b'),
(92, 'https://firebasestorage.googleapis.com/v0/b/simzy-b3068.appspot.com/o/1665770415084product31-1-2.webp?alt=media&token=1ba174f7-f'),
(92, 'https://firebasestorage.googleapis.com/v0/b/simzy-b3068.appspot.com/o/1665770415084product31-1-3.webp?alt=media&token=6cf5dda1-b'),
(92, 'https://firebasestorage.googleapis.com/v0/b/simzy-b3068.appspot.com/o/1665770415084product31-1-4.webp?alt=media&token=5d110a4d-c'),
(92, 'https://firebasestorage.googleapis.com/v0/b/simzy-b3068.appspot.com/o/1665770415084product31-1-5.webp?alt=media&token=aa008c10-f'),
(93, 'https://firebasestorage.googleapis.com/v0/b/simzy-b3068.appspot.com/o/1665770536547product31-2-1.webp?alt=media&token=05ba7378-1'),
(94, 'https://firebasestorage.googleapis.com/v0/b/simzy-b3068.appspot.com/o/1665770567885product31-3-1.webp?alt=media&token=c1097fe0-a'),
(95, 'https://firebasestorage.googleapis.com/v0/b/simzy-b3068.appspot.com/o/1665770789472product32-1-1.webp?alt=media&token=0e429b6c-f'),
(95, 'https://firebasestorage.googleapis.com/v0/b/simzy-b3068.appspot.com/o/1665770789472product32-1-2.webp?alt=media&token=37179ecc-0'),
(95, 'https://firebasestorage.googleapis.com/v0/b/simzy-b3068.appspot.com/o/1665770789472product32-1-3.webp?alt=media&token=91ee64a4-c'),
(95, 'https://firebasestorage.googleapis.com/v0/b/simzy-b3068.appspot.com/o/1665770789472product32-1-4.webp?alt=media&token=1776cdc5-1'),
(95, 'https://firebasestorage.googleapis.com/v0/b/simzy-b3068.appspot.com/o/1665770789472product32-1-5.webp?alt=media&token=e93414ac-1'),
(96, 'https://firebasestorage.googleapis.com/v0/b/simzy-b3068.appspot.com/o/1665770854305product32-2-1.webp?alt=media&token=05865248-2'),
(97, 'https://firebasestorage.googleapis.com/v0/b/simzy-b3068.appspot.com/o/1665770864080product32-3-1.webp?alt=media&token=d448a709-6'),
(98, 'https://firebasestorage.googleapis.com/v0/b/simzy-b3068.appspot.com/o/1665770872373product32-4-1.webp?alt=media&token=afe968a9-b'),
(99, 'https://firebasestorage.googleapis.com/v0/b/simzy-b3068.appspot.com/o/1665771604619product33-1-1.webp?alt=media&token=78c32653-2'),
(99, 'https://firebasestorage.googleapis.com/v0/b/simzy-b3068.appspot.com/o/1665771604619product33-1-2.webp?alt=media&token=b32dfdca-d'),
(99, 'https://firebasestorage.googleapis.com/v0/b/simzy-b3068.appspot.com/o/1665771604619product33-1-3.webp?alt=media&token=d30f221a-a'),
(99, 'https://firebasestorage.googleapis.com/v0/b/simzy-b3068.appspot.com/o/1665771604619product33-1-4.webp?alt=media&token=500bc51e-5'),
(99, 'https://firebasestorage.googleapis.com/v0/b/simzy-b3068.appspot.com/o/1665771604619product33-1-5.webp?alt=media&token=190c6e1e-7'),
(100, 'https://firebasestorage.googleapis.com/v0/b/simzy-b3068.appspot.com/o/1665771663806product33-2-1.webp?alt=media&token=3b7fb18b-9'),
(101, 'https://firebasestorage.googleapis.com/v0/b/simzy-b3068.appspot.com/o/1665771673607product33-3-1.webp?alt=media&token=f0795e1d-3'),
(102, 'https://firebasestorage.googleapis.com/v0/b/simzy-b3068.appspot.com/o/1665772630436product34-1-1.webp?alt=media&token=a9409802-8'),
(102, 'https://firebasestorage.googleapis.com/v0/b/simzy-b3068.appspot.com/o/1665772630436product34-1-2.webp?alt=media&token=c602880f-9'),
(102, 'https://firebasestorage.googleapis.com/v0/b/simzy-b3068.appspot.com/o/1665772630436product34-1-3.webp?alt=media&token=14a7a368-b'),
(102, 'https://firebasestorage.googleapis.com/v0/b/simzy-b3068.appspot.com/o/1665772630436product34-1-4.webp?alt=media&token=dbca010e-c'),
(102, 'https://firebasestorage.googleapis.com/v0/b/simzy-b3068.appspot.com/o/1665772630436product34-1-5.webp?alt=media&token=60b60586-2'),
(103, 'https://firebasestorage.googleapis.com/v0/b/simzy-b3068.appspot.com/o/1665772680346product34-2-1.webp?alt=media&token=a7afcf6e-3'),
(104, 'https://firebasestorage.googleapis.com/v0/b/simzy-b3068.appspot.com/o/1665772687221product34-3-1.webp?alt=media&token=91abc78a-e'),
(105, 'https://firebasestorage.googleapis.com/v0/b/simzy-b3068.appspot.com/o/1665772903939product35-1-1.webp?alt=media&token=f3837208-2'),
(105, 'https://firebasestorage.googleapis.com/v0/b/simzy-b3068.appspot.com/o/1665772903939product35-1-2.webp?alt=media&token=14facffc-c'),
(105, 'https://firebasestorage.googleapis.com/v0/b/simzy-b3068.appspot.com/o/1665772903939product35-1-3.webp?alt=media&token=71775829-f'),
(105, 'https://firebasestorage.googleapis.com/v0/b/simzy-b3068.appspot.com/o/1665772903939product35-1-4.webp?alt=media&token=30cf387c-2'),
(105, 'https://firebasestorage.googleapis.com/v0/b/simzy-b3068.appspot.com/o/1665772903939product35-1-5.webp?alt=media&token=52410309-2'),
(106, 'https://firebasestorage.googleapis.com/v0/b/simzy-b3068.appspot.com/o/1665773158652product36-1-1.webp?alt=media&token=f60d473e-4'),
(106, 'https://firebasestorage.googleapis.com/v0/b/simzy-b3068.appspot.com/o/1665773158652product36-1-2.webp?alt=media&token=c8ee91bc-2'),
(106, 'https://firebasestorage.googleapis.com/v0/b/simzy-b3068.appspot.com/o/1665773158652product36-1-3.webp?alt=media&token=10758581-5'),
(106, 'https://firebasestorage.googleapis.com/v0/b/simzy-b3068.appspot.com/o/1665773158652product36-1-4.webp?alt=media&token=e7447247-1'),
(106, 'https://firebasestorage.googleapis.com/v0/b/simzy-b3068.appspot.com/o/1665773158652product36-1-5.webp?alt=media&token=d202200c-0'),
(107, 'https://firebasestorage.googleapis.com/v0/b/simzy-b3068.appspot.com/o/1665773185993product36-2-1.webp?alt=media&token=07d78306-f'),
(108, 'https://firebasestorage.googleapis.com/v0/b/simzy-b3068.appspot.com/o/1665773549036product37-1-1.webp?alt=media&token=e6ef209a-1'),
(108, 'https://firebasestorage.googleapis.com/v0/b/simzy-b3068.appspot.com/o/1665773549036product37-1-2.webp?alt=media&token=ead9365a-2'),
(108, 'https://firebasestorage.googleapis.com/v0/b/simzy-b3068.appspot.com/o/1665773549036product37-1-3.webp?alt=media&token=56ef914c-8'),
(108, 'https://firebasestorage.googleapis.com/v0/b/simzy-b3068.appspot.com/o/1665773549036product37-1-4.webp?alt=media&token=6442eda8-d'),
(108, 'https://firebasestorage.googleapis.com/v0/b/simzy-b3068.appspot.com/o/1665773549036product37-1-5.webp?alt=media&token=fd4f50c4-b'),
(109, 'https://firebasestorage.googleapis.com/v0/b/simzy-b3068.appspot.com/o/1665773574764product37-2-1.webp?alt=media&token=aa0d640b-1'),
(110, 'https://firebasestorage.googleapis.com/v0/b/simzy-b3068.appspot.com/o/1665773805946product37-3-1.webp?alt=media&token=beda1f38-f'),
(111, 'https://firebasestorage.googleapis.com/v0/b/simzy-b3068.appspot.com/o/1665774040920product38-1-1.webp?alt=media&token=8604158f-1'),
(111, 'https://firebasestorage.googleapis.com/v0/b/simzy-b3068.appspot.com/o/1665774040920product38-1-2.webp?alt=media&token=0acbd1bb-a'),
(111, 'https://firebasestorage.googleapis.com/v0/b/simzy-b3068.appspot.com/o/1665774040920product38-1-3.webp?alt=media&token=c5769105-a'),
(111, 'https://firebasestorage.googleapis.com/v0/b/simzy-b3068.appspot.com/o/1665774040920product38-1-4.webp?alt=media&token=9475bbd8-5'),
(111, 'https://firebasestorage.googleapis.com/v0/b/simzy-b3068.appspot.com/o/1665774040920product38-1-5.webp?alt=media&token=0d7d3acd-c'),
(112, 'https://firebasestorage.googleapis.com/v0/b/simzy-b3068.appspot.com/o/1665774066171product38-2-1.webp?alt=media&token=54b6e4f0-5'),
(113, 'https://firebasestorage.googleapis.com/v0/b/simzy-b3068.appspot.com/o/1665774073969product38-3-1.webp?alt=media&token=b3064798-a'),
(114, 'https://firebasestorage.googleapis.com/v0/b/simzy-b3068.appspot.com/o/1665774858930product39-1-1.webp?alt=media&token=e2355bcb-b'),
(114, 'https://firebasestorage.googleapis.com/v0/b/simzy-b3068.appspot.com/o/1665774858930product39-1-2.webp?alt=media&token=29ae9864-a'),
(114, 'https://firebasestorage.googleapis.com/v0/b/simzy-b3068.appspot.com/o/1665774858930product39-1-3.webp?alt=media&token=27c6909c-e'),
(114, 'https://firebasestorage.googleapis.com/v0/b/simzy-b3068.appspot.com/o/1665774858930product39-1-4.webp?alt=media&token=9308a0b9-6'),
(114, 'https://firebasestorage.googleapis.com/v0/b/simzy-b3068.appspot.com/o/1665774858930product39-1-5.webp?alt=media&token=ac039908-c'),
(115, 'https://firebasestorage.googleapis.com/v0/b/simzy-b3068.appspot.com/o/1665774963407product39-2-1.webp?alt=media&token=c5726446-7'),
(117, 'https://firebasestorage.googleapis.com/v0/b/simzy-b3068.appspot.com/o/1665778753227product40-1-1.webp?alt=media&token=4c7088b3-c'),
(117, 'https://firebasestorage.googleapis.com/v0/b/simzy-b3068.appspot.com/o/1665778753227product40-1-2.webp?alt=media&token=f1db7145-4'),
(117, 'https://firebasestorage.googleapis.com/v0/b/simzy-b3068.appspot.com/o/1665778753227product40-1-3.webp?alt=media&token=0e498b91-1'),
(117, 'https://firebasestorage.googleapis.com/v0/b/simzy-b3068.appspot.com/o/1665778753227product40-1-4.webp?alt=media&token=7110cdfe-8'),
(117, 'https://firebasestorage.googleapis.com/v0/b/simzy-b3068.appspot.com/o/1665778753227product40-1-5.webp?alt=media&token=7590dbbf-a'),
(118, 'https://firebasestorage.googleapis.com/v0/b/simzy-b3068.appspot.com/o/1665778820345product40-2-1.webp?alt=media&token=21a10234-a'),
(119, 'https://firebasestorage.googleapis.com/v0/b/simzy-b3068.appspot.com/o/1665778828910product40-3-1.webp?alt=media&token=e24bc2c9-c'),
(120, 'https://firebasestorage.googleapis.com/v0/b/simzy-b3068.appspot.com/o/1665778837852product40-4-1.webp?alt=media&token=35c740d4-1'),
(121, 'https://firebasestorage.googleapis.com/v0/b/simzy-b3068.appspot.com/o/1665779441975product41-1-1.webp?alt=media&token=2ff8374d-2'),
(121, 'https://firebasestorage.googleapis.com/v0/b/simzy-b3068.appspot.com/o/1665779441975product41-1-2.webp?alt=media&token=2f00ce92-8'),
(121, 'https://firebasestorage.googleapis.com/v0/b/simzy-b3068.appspot.com/o/1665779441975product41-1-3.webp?alt=media&token=12d913d2-d'),
(121, 'https://firebasestorage.googleapis.com/v0/b/simzy-b3068.appspot.com/o/1665779441975product41-1-4.webp?alt=media&token=cea697cd-4'),
(121, 'https://firebasestorage.googleapis.com/v0/b/simzy-b3068.appspot.com/o/1665779441975product41-1-5.webp?alt=media&token=76947cdd-3'),
(122, 'https://firebasestorage.googleapis.com/v0/b/simzy-b3068.appspot.com/o/1665779529936product41-2-1.webp?alt=media&token=25b97265-5'),
(123, 'https://firebasestorage.googleapis.com/v0/b/simzy-b3068.appspot.com/o/1665779538859product41-3-1.webp?alt=media&token=bae95d6b-7'),
(124, 'https://firebasestorage.googleapis.com/v0/b/simzy-b3068.appspot.com/o/1665779549676product41-4-1.webp?alt=media&token=df2bedb9-c'),
(125, 'https://firebasestorage.googleapis.com/v0/b/simzy-b3068.appspot.com/o/1665814763830product42-1-1.webp?alt=media&token=c1f86bb6-7'),
(125, 'https://firebasestorage.googleapis.com/v0/b/simzy-b3068.appspot.com/o/1665814763830product42-1-2.webp?alt=media&token=8bf51599-4'),
(125, 'https://firebasestorage.googleapis.com/v0/b/simzy-b3068.appspot.com/o/1665814763830product42-1-3.webp?alt=media&token=9cee88a9-c'),
(125, 'https://firebasestorage.googleapis.com/v0/b/simzy-b3068.appspot.com/o/1665814763830product42-1-4.webp?alt=media&token=186b1651-6'),
(125, 'https://firebasestorage.googleapis.com/v0/b/simzy-b3068.appspot.com/o/1665814763830product42-1-5.webp?alt=media&token=03f2d984-9'),
(126, 'https://firebasestorage.googleapis.com/v0/b/simzy-b3068.appspot.com/o/1665814937511product42-2-1.webp?alt=media&token=5c2c8c37-b'),
(127, 'https://firebasestorage.googleapis.com/v0/b/simzy-b3068.appspot.com/o/1665814947981product42-3-1.webp?alt=media&token=76a2c986-1'),
(128, 'https://firebasestorage.googleapis.com/v0/b/simzy-b3068.appspot.com/o/1665814970478product42-4-1.webp?alt=media&token=e376bee7-4'),
(129, 'https://firebasestorage.googleapis.com/v0/b/simzy-b3068.appspot.com/o/1665817240071product43-1-1.webp?alt=media&token=d80fcd10-2'),
(129, 'https://firebasestorage.googleapis.com/v0/b/simzy-b3068.appspot.com/o/1665817240071product43-1-2.webp?alt=media&token=3c88ab04-c'),
(129, 'https://firebasestorage.googleapis.com/v0/b/simzy-b3068.appspot.com/o/1665817240071product43-1-3.webp?alt=media&token=6f11eb51-d'),
(129, 'https://firebasestorage.googleapis.com/v0/b/simzy-b3068.appspot.com/o/1665817240071product43-1-4.webp?alt=media&token=dd82e92b-c'),
(129, 'https://firebasestorage.googleapis.com/v0/b/simzy-b3068.appspot.com/o/1665817240071product43-1-5.webp?alt=media&token=fa2816b8-d'),
(130, 'https://firebasestorage.googleapis.com/v0/b/simzy-b3068.appspot.com/o/1665817313434product43-2-1.webp?alt=media&token=88c5f329-b'),
(131, 'https://firebasestorage.googleapis.com/v0/b/simzy-b3068.appspot.com/o/1665817322202product43-3-1.webp?alt=media&token=06945256-3'),
(132, 'https://firebasestorage.googleapis.com/v0/b/simzy-b3068.appspot.com/o/1665817334013product43-4-1.webp?alt=media&token=3a938970-8'),
(133, 'https://firebasestorage.googleapis.com/v0/b/simzy-b3068.appspot.com/o/1665819617406product44-1-1.webp?alt=media&token=40b19c24-9'),
(133, 'https://firebasestorage.googleapis.com/v0/b/simzy-b3068.appspot.com/o/1665819617406product44-1-2.webp?alt=media&token=2a7d362a-2'),
(133, 'https://firebasestorage.googleapis.com/v0/b/simzy-b3068.appspot.com/o/1665819617406product44-1-3.webp?alt=media&token=5b9737b5-7'),
(133, 'https://firebasestorage.googleapis.com/v0/b/simzy-b3068.appspot.com/o/1665819617406product44-1-4.webp?alt=media&token=d75024c7-c'),
(133, 'https://firebasestorage.googleapis.com/v0/b/simzy-b3068.appspot.com/o/1665819617406product44-1-5.webp?alt=media&token=22d722be-3'),
(134, 'https://firebasestorage.googleapis.com/v0/b/simzy-b3068.appspot.com/o/1665820053029product45-1-1.webp?alt=media&token=4fddac0e-1'),
(134, 'https://firebasestorage.googleapis.com/v0/b/simzy-b3068.appspot.com/o/1665820053029product45-1-2.webp?alt=media&token=38a865f0-b'),
(134, 'https://firebasestorage.googleapis.com/v0/b/simzy-b3068.appspot.com/o/1665820053029product45-1-3.webp?alt=media&token=54124887-6'),
(134, 'https://firebasestorage.googleapis.com/v0/b/simzy-b3068.appspot.com/o/1665820053029product45-1-4.webp?alt=media&token=42c150e5-2'),
(134, 'https://firebasestorage.googleapis.com/v0/b/simzy-b3068.appspot.com/o/1665820053029product45-1-5.webp?alt=media&token=2571d131-9'),
(135, 'https://firebasestorage.googleapis.com/v0/b/simzy-b3068.appspot.com/o/1665820137070product45-2-1.webp?alt=media&token=bdbb015e-a'),
(136, 'https://firebasestorage.googleapis.com/v0/b/simzy-b3068.appspot.com/o/1665820349759product46-1-1.webp?alt=media&token=a919cbec-c'),
(136, 'https://firebasestorage.googleapis.com/v0/b/simzy-b3068.appspot.com/o/1665820349759product46-1-2.webp?alt=media&token=da6edb74-e'),
(136, 'https://firebasestorage.googleapis.com/v0/b/simzy-b3068.appspot.com/o/1665820349759product46-1-3.webp?alt=media&token=56b76161-4'),
(136, 'https://firebasestorage.googleapis.com/v0/b/simzy-b3068.appspot.com/o/1665820349759product46-1-4.webp?alt=media&token=e1c21899-e'),
(136, 'https://firebasestorage.googleapis.com/v0/b/simzy-b3068.appspot.com/o/1665820349759product46-1-5.webp?alt=media&token=bca0bfa1-e'),
(137, 'https://firebasestorage.googleapis.com/v0/b/simzy-b3068.appspot.com/o/1665821007816product47-1-1.webp?alt=media&token=e58e4516-3'),
(137, 'https://firebasestorage.googleapis.com/v0/b/simzy-b3068.appspot.com/o/1665821007816product47-1-2.webp?alt=media&token=cb6b682d-c'),
(137, 'https://firebasestorage.googleapis.com/v0/b/simzy-b3068.appspot.com/o/1665821007816product47-1-3.webp?alt=media&token=ddb15308-1'),
(137, 'https://firebasestorage.googleapis.com/v0/b/simzy-b3068.appspot.com/o/1665821007816product47-1-4.webp?alt=media&token=f04e5faa-9'),
(137, 'https://firebasestorage.googleapis.com/v0/b/simzy-b3068.appspot.com/o/1665821007816product47-1-5.webp?alt=media&token=d9c3eae5-3'),
(138, 'https://firebasestorage.googleapis.com/v0/b/simzy-b3068.appspot.com/o/1665821061842product47-2-1.webp?alt=media&token=fd32df48-6'),
(139, 'https://firebasestorage.googleapis.com/v0/b/simzy-b3068.appspot.com/o/1665821070407product47-3-1.webp?alt=media&token=cb96e5c2-f'),
(140, 'https://firebasestorage.googleapis.com/v0/b/simzy-b3068.appspot.com/o/1665821797731product48-1-1.webp?alt=media&token=91f0ac77-9'),
(140, 'https://firebasestorage.googleapis.com/v0/b/simzy-b3068.appspot.com/o/1665821797731product48-1-2.webp?alt=media&token=69fcfd11-5'),
(140, 'https://firebasestorage.googleapis.com/v0/b/simzy-b3068.appspot.com/o/1665821797731product48-1-3.webp?alt=media&token=d1514bfe-6'),
(140, 'https://firebasestorage.googleapis.com/v0/b/simzy-b3068.appspot.com/o/1665821797731product48-1-4.webp?alt=media&token=e6c8fcc4-0'),
(140, 'https://firebasestorage.googleapis.com/v0/b/simzy-b3068.appspot.com/o/1665821797731product48-1-5.webp?alt=media&token=110b226b-c'),
(141, 'https://firebasestorage.googleapis.com/v0/b/simzy-b3068.appspot.com/o/1665821849347product48-2-1.webp?alt=media&token=754c40a5-9'),
(142, 'https://firebasestorage.googleapis.com/v0/b/simzy-b3068.appspot.com/o/1665821856823product48-3-1.webp?alt=media&token=7f241f1b-3'),
(143, 'https://firebasestorage.googleapis.com/v0/b/simzy-b3068.appspot.com/o/1665822609261product49-1-1.webp?alt=media&token=cf0c9d2e-5'),
(143, 'https://firebasestorage.googleapis.com/v0/b/simzy-b3068.appspot.com/o/1665822609261product49-1-2.webp?alt=media&token=6f257aac-3'),
(143, 'https://firebasestorage.googleapis.com/v0/b/simzy-b3068.appspot.com/o/1665822609261product49-1-3.webp?alt=media&token=d55547d9-7'),
(143, 'https://firebasestorage.googleapis.com/v0/b/simzy-b3068.appspot.com/o/1665822609261product49-1-4.webp?alt=media&token=aaa9ea2e-1'),
(143, 'https://firebasestorage.googleapis.com/v0/b/simzy-b3068.appspot.com/o/1665822609261product49-1-5.webp?alt=media&token=26fd707e-f'),
(144, 'https://firebasestorage.googleapis.com/v0/b/simzy-b3068.appspot.com/o/1665823297681product50-1-1.webp?alt=media&token=3d051cba-1'),
(144, 'https://firebasestorage.googleapis.com/v0/b/simzy-b3068.appspot.com/o/1665823297681product50-1-2.webp?alt=media&token=4e91cea8-5'),
(144, 'https://firebasestorage.googleapis.com/v0/b/simzy-b3068.appspot.com/o/1665823297681product50-1-3.webp?alt=media&token=3b65fa66-9'),
(144, 'https://firebasestorage.googleapis.com/v0/b/simzy-b3068.appspot.com/o/1665823297681product50-1-4.webp?alt=media&token=1e2f5d35-4'),
(144, 'https://firebasestorage.googleapis.com/v0/b/simzy-b3068.appspot.com/o/1665823297681product50-1-5.webp?alt=media&token=55565d21-5'),
(145, 'https://firebasestorage.googleapis.com/v0/b/simzy-b3068.appspot.com/o/1665823370490product50-2-1.webp?alt=media&token=57fc7852-d'),
(146, 'https://firebasestorage.googleapis.com/v0/b/simzy-b3068.appspot.com/o/1665823377815product50-3-1.webp?alt=media&token=21e46046-4'),
(147, 'https://firebasestorage.googleapis.com/v0/b/simzy-b3068.appspot.com/o/1665823661363product51-1-1.webp?alt=media&token=1e60f65d-3'),
(147, 'https://firebasestorage.googleapis.com/v0/b/simzy-b3068.appspot.com/o/1665823661363product51-1-2.webp?alt=media&token=94676ee9-3'),
(147, 'https://firebasestorage.googleapis.com/v0/b/simzy-b3068.appspot.com/o/1665823661363product51-1-3.webp?alt=media&token=0298b25c-2'),
(147, 'https://firebasestorage.googleapis.com/v0/b/simzy-b3068.appspot.com/o/1665823661363product51-1-4.webp?alt=media&token=d69dad3f-6'),
(147, 'https://firebasestorage.googleapis.com/v0/b/simzy-b3068.appspot.com/o/1665823661363product51-1-5.webp?alt=media&token=5e9185d5-2'),
(148, 'https://firebasestorage.googleapis.com/v0/b/simzy-b3068.appspot.com/o/1665823695734product51-2-1.webp?alt=media&token=102288ac-7'),
(149, 'https://firebasestorage.googleapis.com/v0/b/simzy-b3068.appspot.com/o/1665823709406product51-3-1.webp?alt=media&token=8b4e8557-c'),
(150, 'https://firebasestorage.googleapis.com/v0/b/simzy-b3068.appspot.com/o/1665824414315product52-1-1.webp?alt=media&token=2cfc5a14-f'),
(150, 'https://firebasestorage.googleapis.com/v0/b/simzy-b3068.appspot.com/o/1665824414315product52-1-2.webp?alt=media&token=e0262a7d-0'),
(150, 'https://firebasestorage.googleapis.com/v0/b/simzy-b3068.appspot.com/o/1665824414315product52-1-3.webp?alt=media&token=39ceced4-5'),
(150, 'https://firebasestorage.googleapis.com/v0/b/simzy-b3068.appspot.com/o/1665824414315product52-1-4.webp?alt=media&token=45890d44-1'),
(150, 'https://firebasestorage.googleapis.com/v0/b/simzy-b3068.appspot.com/o/1665824414315product52-1-5.webp?alt=media&token=cd652ea0-b'),
(151, 'https://firebasestorage.googleapis.com/v0/b/simzy-b3068.appspot.com/o/1665824492918product52-2-1.webp?alt=media&token=2194ddeb-4'),
(152, 'https://firebasestorage.googleapis.com/v0/b/simzy-b3068.appspot.com/o/1665824501801product52-3-1.webp?alt=media&token=7ba0e991-5'),
(153, 'https://firebasestorage.googleapis.com/v0/b/simzy-b3068.appspot.com/o/1665824509648product52-4-1.webp?alt=media&token=bf412457-c'),
(154, 'https://firebasestorage.googleapis.com/v0/b/simzy-b3068.appspot.com/o/1665829360771product53-1-1.webp?alt=media&token=a724405e-5'),
(154, 'https://firebasestorage.googleapis.com/v0/b/simzy-b3068.appspot.com/o/1665829360771product53-1-2.webp?alt=media&token=9337e6e9-4'),
(154, 'https://firebasestorage.googleapis.com/v0/b/simzy-b3068.appspot.com/o/1665829360771product53-1-3.webp?alt=media&token=93c51600-9'),
(154, 'https://firebasestorage.googleapis.com/v0/b/simzy-b3068.appspot.com/o/1665829360771product53-1-4.webp?alt=media&token=27ca2149-e'),
(154, 'https://firebasestorage.googleapis.com/v0/b/simzy-b3068.appspot.com/o/1665829360771product53-1-5.webp?alt=media&token=6aeffa58-4'),
(155, 'https://firebasestorage.googleapis.com/v0/b/simzy-b3068.appspot.com/o/1665829393014product53-2-1.webp?alt=media&token=7ea76471-a'),
(156, 'https://firebasestorage.googleapis.com/v0/b/simzy-b3068.appspot.com/o/1665829401846product53-3-1.webp?alt=media&token=fe135d08-a'),
(157, 'https://firebasestorage.googleapis.com/v0/b/simzy-b3068.appspot.com/o/1665830288554product54-1-1.webp?alt=media&token=c804d2b5-d'),
(157, 'https://firebasestorage.googleapis.com/v0/b/simzy-b3068.appspot.com/o/1665830288554product54-1-2.webp?alt=media&token=64f9c659-0'),
(157, 'https://firebasestorage.googleapis.com/v0/b/simzy-b3068.appspot.com/o/1665830288554product54-1-3.webp?alt=media&token=6228d8b8-2'),
(157, 'https://firebasestorage.googleapis.com/v0/b/simzy-b3068.appspot.com/o/1665830288554product54-1-4.webp?alt=media&token=d3c4780f-8'),
(157, 'https://firebasestorage.googleapis.com/v0/b/simzy-b3068.appspot.com/o/1665830288554product54-1-5.webp?alt=media&token=1c17e72b-9');
INSERT INTO `productimage` (`product_color_id`, `img_link`) VALUES
(158, 'https://firebasestorage.googleapis.com/v0/b/simzy-b3068.appspot.com/o/1665830329597product54-2-1.webp?alt=media&token=08d70d66-0'),
(159, 'https://firebasestorage.googleapis.com/v0/b/simzy-b3068.appspot.com/o/1665844211483product55-1-1.webp?alt=media&token=1dcbc4ba-3'),
(159, 'https://firebasestorage.googleapis.com/v0/b/simzy-b3068.appspot.com/o/1665844211483product55-1-2.webp?alt=media&token=336ea39a-a'),
(159, 'https://firebasestorage.googleapis.com/v0/b/simzy-b3068.appspot.com/o/1665844211483product55-1-3.webp?alt=media&token=d3221bac-f'),
(159, 'https://firebasestorage.googleapis.com/v0/b/simzy-b3068.appspot.com/o/1665844211483product55-1-4.webp?alt=media&token=0bf25498-5'),
(159, 'https://firebasestorage.googleapis.com/v0/b/simzy-b3068.appspot.com/o/1665844211483product55-1-5.webp?alt=media&token=7ec70fae-a'),
(160, 'https://firebasestorage.googleapis.com/v0/b/simzy-b3068.appspot.com/o/1665844340852product55-2-1.webp?alt=media&token=d9bfdaee-c'),
(161, 'https://firebasestorage.googleapis.com/v0/b/simzy-b3068.appspot.com/o/1665844351899product55-3-1.webp?alt=media&token=ca2c993a-8'),
(162, 'https://firebasestorage.googleapis.com/v0/b/simzy-b3068.appspot.com/o/1665845147595product56-1-1.webp?alt=media&token=6f06f3c9-c'),
(162, 'https://firebasestorage.googleapis.com/v0/b/simzy-b3068.appspot.com/o/1665845147595product56-1-2.webp?alt=media&token=4f2f9076-7'),
(162, 'https://firebasestorage.googleapis.com/v0/b/simzy-b3068.appspot.com/o/1665845147595product56-1-3.webp?alt=media&token=35bae26b-9'),
(162, 'https://firebasestorage.googleapis.com/v0/b/simzy-b3068.appspot.com/o/1665845147595product56-1-4.webp?alt=media&token=8d28d90e-3'),
(162, 'https://firebasestorage.googleapis.com/v0/b/simzy-b3068.appspot.com/o/1665845147595product56-1-5.webp?alt=media&token=0309b0a1-9'),
(163, 'https://firebasestorage.googleapis.com/v0/b/simzy-b3068.appspot.com/o/1665845181955product56-2-1.webp?alt=media&token=8b97555b-3'),
(164, 'https://firebasestorage.googleapis.com/v0/b/simzy-b3068.appspot.com/o/1665845194291product56-3-1.webp?alt=media&token=5e47cd87-4'),
(165, 'https://firebasestorage.googleapis.com/v0/b/simzy-b3068.appspot.com/o/1665845202102product56-4-1.webp?alt=media&token=765cf75f-a'),
(166, 'https://firebasestorage.googleapis.com/v0/b/simzy-b3068.appspot.com/o/1665845698547product57-1-1.webp?alt=media&token=e454e3f4-7'),
(166, 'https://firebasestorage.googleapis.com/v0/b/simzy-b3068.appspot.com/o/1665845698548product57-1-2.webp?alt=media&token=71a3e6f2-e'),
(166, 'https://firebasestorage.googleapis.com/v0/b/simzy-b3068.appspot.com/o/1665845698548product57-1-3.webp?alt=media&token=a7f099c6-2'),
(166, 'https://firebasestorage.googleapis.com/v0/b/simzy-b3068.appspot.com/o/1665845698548product57-1-4.webp?alt=media&token=d559c352-6'),
(166, 'https://firebasestorage.googleapis.com/v0/b/simzy-b3068.appspot.com/o/1665845698548product57-1-5.webp?alt=media&token=2fb96caa-c'),
(167, 'https://firebasestorage.googleapis.com/v0/b/simzy-b3068.appspot.com/o/1665845752649product57-2-1.webp?alt=media&token=27fed1f3-a'),
(168, 'https://firebasestorage.googleapis.com/v0/b/simzy-b3068.appspot.com/o/1665845766015product57-3-1.webp?alt=media&token=3935a975-0'),
(169, 'https://firebasestorage.googleapis.com/v0/b/simzy-b3068.appspot.com/o/1665846054108product58-1-1.webp?alt=media&token=781f2554-9'),
(169, 'https://firebasestorage.googleapis.com/v0/b/simzy-b3068.appspot.com/o/1665846054108product58-1-2.webp?alt=media&token=3d84d3df-d'),
(169, 'https://firebasestorage.googleapis.com/v0/b/simzy-b3068.appspot.com/o/1665846054108product58-1-3.webp?alt=media&token=edef86c2-d'),
(169, 'https://firebasestorage.googleapis.com/v0/b/simzy-b3068.appspot.com/o/1665846054108product58-1-4.webp?alt=media&token=cb135e0c-a'),
(169, 'https://firebasestorage.googleapis.com/v0/b/simzy-b3068.appspot.com/o/1665846054108product58-1-5.webp?alt=media&token=72a958eb-b'),
(170, 'https://firebasestorage.googleapis.com/v0/b/simzy-b3068.appspot.com/o/1665846083154product58-2-1.webp?alt=media&token=cecd154c-5'),
(171, 'https://firebasestorage.googleapis.com/v0/b/simzy-b3068.appspot.com/o/1665846091496product58-3-1.webp?alt=media&token=000937a6-a'),
(172, 'https://firebasestorage.googleapis.com/v0/b/simzy-b3068.appspot.com/o/1665846099984product58-4-1.webp?alt=media&token=2c772d57-d'),
(173, 'https://firebasestorage.googleapis.com/v0/b/simzy-b3068.appspot.com/o/1665846748141product59-1-1.webp?alt=media&token=49750a7b-3'),
(173, 'https://firebasestorage.googleapis.com/v0/b/simzy-b3068.appspot.com/o/1665846748141product59-1-2.webp?alt=media&token=70a309c0-e'),
(173, 'https://firebasestorage.googleapis.com/v0/b/simzy-b3068.appspot.com/o/1665846748141product59-1-3.webp?alt=media&token=014a3460-2'),
(173, 'https://firebasestorage.googleapis.com/v0/b/simzy-b3068.appspot.com/o/1665846748141product59-1-4.webp?alt=media&token=b593e32c-5'),
(173, 'https://firebasestorage.googleapis.com/v0/b/simzy-b3068.appspot.com/o/1665846748141product59-1-5.webp?alt=media&token=30a33a20-6'),
(174, 'https://firebasestorage.googleapis.com/v0/b/simzy-b3068.appspot.com/o/1665846773769product59-2-1.webp?alt=media&token=4a163a2c-b'),
(175, 'https://firebasestorage.googleapis.com/v0/b/simzy-b3068.appspot.com/o/1665846785825product59-3-1.webp?alt=media&token=15ed90fb-3'),
(176, 'https://firebasestorage.googleapis.com/v0/b/simzy-b3068.appspot.com/o/1665847040189product60-1-1.webp?alt=media&token=4c977f3d-6'),
(176, 'https://firebasestorage.googleapis.com/v0/b/simzy-b3068.appspot.com/o/1665847040189product60-1-2.webp?alt=media&token=26253b2b-f'),
(176, 'https://firebasestorage.googleapis.com/v0/b/simzy-b3068.appspot.com/o/1665847040189product60-1-3.webp?alt=media&token=83645e83-0'),
(176, 'https://firebasestorage.googleapis.com/v0/b/simzy-b3068.appspot.com/o/1665847040189product60-1-4.webp?alt=media&token=2617deed-1'),
(176, 'https://firebasestorage.googleapis.com/v0/b/simzy-b3068.appspot.com/o/1665847040189product60-1-5.webp?alt=media&token=21976d07-f'),
(177, 'https://firebasestorage.googleapis.com/v0/b/simzy-b3068.appspot.com/o/1665847580690product61-1-1.webp?alt=media&token=9b63d59d-8'),
(177, 'https://firebasestorage.googleapis.com/v0/b/simzy-b3068.appspot.com/o/1665847580690product61-1-2.webp?alt=media&token=a84384bd-8'),
(177, 'https://firebasestorage.googleapis.com/v0/b/simzy-b3068.appspot.com/o/1665847580690product61-1-3.webp?alt=media&token=14b89222-4'),
(177, 'https://firebasestorage.googleapis.com/v0/b/simzy-b3068.appspot.com/o/1665847580690product61-1-4.webp?alt=media&token=3a46eefc-a'),
(177, 'https://firebasestorage.googleapis.com/v0/b/simzy-b3068.appspot.com/o/1665847580690product61-1-5.webp?alt=media&token=412402b5-d'),
(178, 'https://firebasestorage.googleapis.com/v0/b/simzy-b3068.appspot.com/o/1665847619152product61-2-1.webp?alt=media&token=38c5f302-b'),
(179, 'https://firebasestorage.googleapis.com/v0/b/simzy-b3068.appspot.com/o/1665847630741product61-3-1.webp?alt=media&token=c47dc2fa-8'),
(180, 'https://firebasestorage.googleapis.com/v0/b/simzy-b3068.appspot.com/o/1665847640240product61-4-1.webp?alt=media&token=45ed406e-5'),
(181, 'https://firebasestorage.googleapis.com/v0/b/simzy-b3068.appspot.com/o/1665848789469product62-1-1.webp?alt=media&token=fe16846f-d'),
(181, 'https://firebasestorage.googleapis.com/v0/b/simzy-b3068.appspot.com/o/1665848789469product62-1-2.webp?alt=media&token=ead0ac32-1'),
(181, 'https://firebasestorage.googleapis.com/v0/b/simzy-b3068.appspot.com/o/1665848789469product62-1-3.webp?alt=media&token=f91d2959-0'),
(181, 'https://firebasestorage.googleapis.com/v0/b/simzy-b3068.appspot.com/o/1665848789469product62-1-4.webp?alt=media&token=402482af-7'),
(181, 'https://firebasestorage.googleapis.com/v0/b/simzy-b3068.appspot.com/o/1665848789469product62-1-5.webp?alt=media&token=90bf89b5-f'),
(182, 'https://firebasestorage.googleapis.com/v0/b/simzy-b3068.appspot.com/o/1665848848198product62-2-1.webp?alt=media&token=5e2c21be-d'),
(183, 'https://firebasestorage.googleapis.com/v0/b/simzy-b3068.appspot.com/o/1665848857009product62-3-1.webp?alt=media&token=9c33947c-0'),
(184, 'https://firebasestorage.googleapis.com/v0/b/simzy-b3068.appspot.com/o/1665849702587product63-1-1.webp?alt=media&token=1ec1b6b2-3'),
(184, 'https://firebasestorage.googleapis.com/v0/b/simzy-b3068.appspot.com/o/1665849702587product63-1-2.webp?alt=media&token=d848a59f-7'),
(184, 'https://firebasestorage.googleapis.com/v0/b/simzy-b3068.appspot.com/o/1665849702587product63-1-3.webp?alt=media&token=aa3cfd1e-0'),
(184, 'https://firebasestorage.googleapis.com/v0/b/simzy-b3068.appspot.com/o/1665849702587product63-1-4.webp?alt=media&token=b7dc8bb7-4'),
(184, 'https://firebasestorage.googleapis.com/v0/b/simzy-b3068.appspot.com/o/1665849702587product63-1-5.webp?alt=media&token=7fa899b5-2'),
(185, 'https://firebasestorage.googleapis.com/v0/b/simzy-b3068.appspot.com/o/1665849952645product63-2-1.webp?alt=media&token=2f18016e-a'),
(186, 'https://firebasestorage.googleapis.com/v0/b/simzy-b3068.appspot.com/o/1665849964639product63-3-1.webp?alt=media&token=fdaf65bf-9'),
(187, 'https://firebasestorage.googleapis.com/v0/b/simzy-b3068.appspot.com/o/1665849973637product63-4-1.webp?alt=media&token=55633e2a-2'),
(188, 'https://firebasestorage.googleapis.com/v0/b/simzy-b3068.appspot.com/o/1665850545709product64-1-1.webp?alt=media&token=261646ed-3'),
(188, 'https://firebasestorage.googleapis.com/v0/b/simzy-b3068.appspot.com/o/1665850545709product64-1-2.webp?alt=media&token=b6cd80e2-0'),
(188, 'https://firebasestorage.googleapis.com/v0/b/simzy-b3068.appspot.com/o/1665850545709product64-1-3.webp?alt=media&token=50a45f63-a'),
(188, 'https://firebasestorage.googleapis.com/v0/b/simzy-b3068.appspot.com/o/1665850545709product64-1-4.webp?alt=media&token=92ffa222-a'),
(188, 'https://firebasestorage.googleapis.com/v0/b/simzy-b3068.appspot.com/o/1665850545709product64-1-5.webp?alt=media&token=83e0519a-b'),
(189, 'https://firebasestorage.googleapis.com/v0/b/simzy-b3068.appspot.com/o/1665850807632product65-1-1.webp?alt=media&token=8369b4d4-3'),
(189, 'https://firebasestorage.googleapis.com/v0/b/simzy-b3068.appspot.com/o/1665850807632product65-1-2.webp?alt=media&token=c2b1c4da-8'),
(189, 'https://firebasestorage.googleapis.com/v0/b/simzy-b3068.appspot.com/o/1665850807632product65-1-3.webp?alt=media&token=d8d38919-6'),
(189, 'https://firebasestorage.googleapis.com/v0/b/simzy-b3068.appspot.com/o/1665850807632product65-1-4.webp?alt=media&token=92b32a9d-0'),
(189, 'https://firebasestorage.googleapis.com/v0/b/simzy-b3068.appspot.com/o/1665850807632product65-1-5.webp?alt=media&token=b457f323-8'),
(190, 'https://firebasestorage.googleapis.com/v0/b/simzy-b3068.appspot.com/o/1665850841892product65-2-1.webp?alt=media&token=eaa18196-4'),
(191, 'https://firebasestorage.googleapis.com/v0/b/simzy-b3068.appspot.com/o/1665850850679product65-3-1.webp?alt=media&token=a9e96b6b-7'),
(192, 'https://firebasestorage.googleapis.com/v0/b/simzy-b3068.appspot.com/o/1665850859233product65-4-1.webp?alt=media&token=5c0f1d8f-7'),
(193, 'https://firebasestorage.googleapis.com/v0/b/simzy-b3068.appspot.com/o/1665851611964product66-1-1.webp?alt=media&token=d7f1a189-f'),
(193, 'https://firebasestorage.googleapis.com/v0/b/simzy-b3068.appspot.com/o/1665851611964product66-1-2.webp?alt=media&token=77a32ddd-e'),
(193, 'https://firebasestorage.googleapis.com/v0/b/simzy-b3068.appspot.com/o/1665851611964product66-1-3.webp?alt=media&token=1c579cbc-f'),
(193, 'https://firebasestorage.googleapis.com/v0/b/simzy-b3068.appspot.com/o/1665851611964product66-1-4.webp?alt=media&token=05d9d0c3-7'),
(193, 'https://firebasestorage.googleapis.com/v0/b/simzy-b3068.appspot.com/o/1665851611964product66-1-5.webp?alt=media&token=eb193f54-1'),
(194, 'https://firebasestorage.googleapis.com/v0/b/simzy-b3068.appspot.com/o/1665851671616product66-2-1.webp?alt=media&token=3c2f78c1-8'),
(195, 'https://firebasestorage.googleapis.com/v0/b/simzy-b3068.appspot.com/o/1665851679575product66-3-1.webp?alt=media&token=1b8c54e6-4'),
(196, 'https://firebasestorage.googleapis.com/v0/b/simzy-b3068.appspot.com/o/1665851687280product66-4-1.webp?alt=media&token=08bb0b7b-c'),
(197, 'https://firebasestorage.googleapis.com/v0/b/simzy-b3068.appspot.com/o/1665852718973product67-1-1.webp?alt=media&token=2d6cc6c6-6'),
(197, 'https://firebasestorage.googleapis.com/v0/b/simzy-b3068.appspot.com/o/1665852718973product67-1-2.webp?alt=media&token=15e0a3a1-c'),
(197, 'https://firebasestorage.googleapis.com/v0/b/simzy-b3068.appspot.com/o/1665852718973product67-1-3.webp?alt=media&token=8d6489ff-5'),
(197, 'https://firebasestorage.googleapis.com/v0/b/simzy-b3068.appspot.com/o/1665852718973product67-1-4.webp?alt=media&token=771a01c9-1'),
(197, 'https://firebasestorage.googleapis.com/v0/b/simzy-b3068.appspot.com/o/1665852718973product67-1-5.webp?alt=media&token=a1c893c5-d'),
(198, 'https://firebasestorage.googleapis.com/v0/b/simzy-b3068.appspot.com/o/1665852750873product67-2-1.webp?alt=media&token=262738eb-6'),
(199, 'https://firebasestorage.googleapis.com/v0/b/simzy-b3068.appspot.com/o/1665853458144product68-1-1.webp?alt=media&token=3d64458d-b'),
(199, 'https://firebasestorage.googleapis.com/v0/b/simzy-b3068.appspot.com/o/1665853458144product68-1-2.webp?alt=media&token=26d4b8f2-b'),
(199, 'https://firebasestorage.googleapis.com/v0/b/simzy-b3068.appspot.com/o/1665853458144product68-1-3.webp?alt=media&token=df8bf633-c'),
(199, 'https://firebasestorage.googleapis.com/v0/b/simzy-b3068.appspot.com/o/1665853458144product68-1-4.webp?alt=media&token=38336272-c'),
(199, 'https://firebasestorage.googleapis.com/v0/b/simzy-b3068.appspot.com/o/1665853458144product68-1-5.webp?alt=media&token=ee2e1cae-f'),
(200, 'https://firebasestorage.googleapis.com/v0/b/simzy-b3068.appspot.com/o/1665853818524product69-1-1.webp?alt=media&token=db823a75-5'),
(200, 'https://firebasestorage.googleapis.com/v0/b/simzy-b3068.appspot.com/o/1665853818524product69-1-2.webp?alt=media&token=e7e3074e-d'),
(200, 'https://firebasestorage.googleapis.com/v0/b/simzy-b3068.appspot.com/o/1665853818524product69-1-3.webp?alt=media&token=83a838f3-9'),
(200, 'https://firebasestorage.googleapis.com/v0/b/simzy-b3068.appspot.com/o/1665853818524product69-1-4.webp?alt=media&token=0e96086a-6'),
(200, 'https://firebasestorage.googleapis.com/v0/b/simzy-b3068.appspot.com/o/1665853818524product69-1-5.webp?alt=media&token=f7f7ac82-4'),
(201, 'https://firebasestorage.googleapis.com/v0/b/simzy-b3068.appspot.com/o/1665854201675product70-1-1.webp?alt=media&token=aebef686-4'),
(201, 'https://firebasestorage.googleapis.com/v0/b/simzy-b3068.appspot.com/o/1665854201675product70-1-2.webp?alt=media&token=76f7547c-d'),
(201, 'https://firebasestorage.googleapis.com/v0/b/simzy-b3068.appspot.com/o/1665854201675product70-1-3.webp?alt=media&token=1703921e-2'),
(201, 'https://firebasestorage.googleapis.com/v0/b/simzy-b3068.appspot.com/o/1665854201675product70-1-4.webp?alt=media&token=d17a3462-6'),
(201, 'https://firebasestorage.googleapis.com/v0/b/simzy-b3068.appspot.com/o/1665854201675product70-1-5.webp?alt=media&token=30f090f3-b'),
(202, 'https://firebasestorage.googleapis.com/v0/b/simzy-b3068.appspot.com/o/1665854263706product70-2-1.webp?alt=media&token=d2832342-4'),
(203, 'https://firebasestorage.googleapis.com/v0/b/simzy-b3068.appspot.com/o/1665854696812product71-1-1.webp?alt=media&token=5eb52d88-c'),
(203, 'https://firebasestorage.googleapis.com/v0/b/simzy-b3068.appspot.com/o/1665854696812product71-1-2.webp?alt=media&token=8dfb6e31-9'),
(203, 'https://firebasestorage.googleapis.com/v0/b/simzy-b3068.appspot.com/o/1665854696812product71-1-3.webp?alt=media&token=a6072be6-e'),
(203, 'https://firebasestorage.googleapis.com/v0/b/simzy-b3068.appspot.com/o/1665854696812product71-1-4.webp?alt=media&token=751892f6-4'),
(203, 'https://firebasestorage.googleapis.com/v0/b/simzy-b3068.appspot.com/o/1665854696812product71-1-5.webp?alt=media&token=f7cf8409-a'),
(204, 'https://firebasestorage.googleapis.com/v0/b/simzy-b3068.appspot.com/o/1665854725534product71-2-1.webp?alt=media&token=57e5da5d-6'),
(205, 'https://firebasestorage.googleapis.com/v0/b/simzy-b3068.appspot.com/o/1665854733078product71-3-1.webp?alt=media&token=b0daff9a-9'),
(206, 'https://firebasestorage.googleapis.com/v0/b/simzy-b3068.appspot.com/o/1665855250807product72-1-1.webp?alt=media&token=b29fc59f-6'),
(206, 'https://firebasestorage.googleapis.com/v0/b/simzy-b3068.appspot.com/o/1665855250807product72-1-2.webp?alt=media&token=35dec3aa-9'),
(206, 'https://firebasestorage.googleapis.com/v0/b/simzy-b3068.appspot.com/o/1665855250807product72-1-3.webp?alt=media&token=01c04e95-c'),
(206, 'https://firebasestorage.googleapis.com/v0/b/simzy-b3068.appspot.com/o/1665855250807product72-1-4.webp?alt=media&token=dd0aa5f5-7'),
(206, 'https://firebasestorage.googleapis.com/v0/b/simzy-b3068.appspot.com/o/1665855250807product72-1-5.webp?alt=media&token=175f6bf3-f'),
(207, 'https://firebasestorage.googleapis.com/v0/b/simzy-b3068.appspot.com/o/1665855510129product73-1-1.webp?alt=media&token=dc38cf92-b'),
(207, 'https://firebasestorage.googleapis.com/v0/b/simzy-b3068.appspot.com/o/1665855510129product73-1-2.webp?alt=media&token=d380c59d-1'),
(207, 'https://firebasestorage.googleapis.com/v0/b/simzy-b3068.appspot.com/o/1665855510129product73-1-3.webp?alt=media&token=477c0f1e-1'),
(207, 'https://firebasestorage.googleapis.com/v0/b/simzy-b3068.appspot.com/o/1665855510129product73-1-4.webp?alt=media&token=7e5810e2-0'),
(207, 'https://firebasestorage.googleapis.com/v0/b/simzy-b3068.appspot.com/o/1665855510129product73-1-5.jpg?alt=media&token=436bd135-7a'),
(208, 'https://firebasestorage.googleapis.com/v0/b/simzy-b3068.appspot.com/o/1665855529108product73-2-1.webp?alt=media&token=9e334a07-7'),
(209, 'https://firebasestorage.googleapis.com/v0/b/simzy-b3068.appspot.com/o/1665855912819product74-1-1.webp?alt=media&token=c1aca8fe-4'),
(209, 'https://firebasestorage.googleapis.com/v0/b/simzy-b3068.appspot.com/o/1665855912819product74-1-2.webp?alt=media&token=ac672f5b-7'),
(209, 'https://firebasestorage.googleapis.com/v0/b/simzy-b3068.appspot.com/o/1665855912819product74-1-3.webp?alt=media&token=703cb8e4-0'),
(209, 'https://firebasestorage.googleapis.com/v0/b/simzy-b3068.appspot.com/o/1665855912819product74-1-4.webp?alt=media&token=5966e987-2'),
(209, 'https://firebasestorage.googleapis.com/v0/b/simzy-b3068.appspot.com/o/1665855912819product74-1-5.webp?alt=media&token=83da5a79-b'),
(210, 'https://firebasestorage.googleapis.com/v0/b/simzy-b3068.appspot.com/o/1665855946349product74-2-1.webp?alt=media&token=ca178958-a'),
(211, 'https://firebasestorage.googleapis.com/v0/b/simzy-b3068.appspot.com/o/1665855954214product74-3-1.webp?alt=media&token=50ab8053-b'),
(212, 'https://firebasestorage.googleapis.com/v0/b/simzy-b3068.appspot.com/o/1665856363156product75-1-1.webp?alt=media&token=ec6212a6-d'),
(212, 'https://firebasestorage.googleapis.com/v0/b/simzy-b3068.appspot.com/o/1665856363156product75-1-2.webp?alt=media&token=ba82cf84-3'),
(212, 'https://firebasestorage.googleapis.com/v0/b/simzy-b3068.appspot.com/o/1665856363156product75-1-3.webp?alt=media&token=544ba930-d'),
(212, 'https://firebasestorage.googleapis.com/v0/b/simzy-b3068.appspot.com/o/1665856363156product75-1-4.webp?alt=media&token=cfcb5c40-8'),
(212, 'https://firebasestorage.googleapis.com/v0/b/simzy-b3068.appspot.com/o/1665856363156product75-1-5.webp?alt=media&token=59a77a28-e'),
(213, 'https://firebasestorage.googleapis.com/v0/b/simzy-b3068.appspot.com/o/1665856761000product76-1-1.webp?alt=media&token=c977fa7f-3'),
(213, 'https://firebasestorage.googleapis.com/v0/b/simzy-b3068.appspot.com/o/1665856761000product76-1-2.webp?alt=media&token=06da885d-d'),
(213, 'https://firebasestorage.googleapis.com/v0/b/simzy-b3068.appspot.com/o/1665856761000product76-1-3.webp?alt=media&token=d135a96f-a'),
(213, 'https://firebasestorage.googleapis.com/v0/b/simzy-b3068.appspot.com/o/1665856761000product76-1-4.webp?alt=media&token=91c4f94e-2'),
(213, 'https://firebasestorage.googleapis.com/v0/b/simzy-b3068.appspot.com/o/1665856761000product76-1-5.webp?alt=media&token=16fee930-6'),
(214, 'https://firebasestorage.googleapis.com/v0/b/simzy-b3068.appspot.com/o/1665856786717product76-2-1.webp?alt=media&token=5126d00c-c'),
(215, 'https://firebasestorage.googleapis.com/v0/b/simzy-b3068.appspot.com/o/1665857081651product77-1-1.webp?alt=media&token=e806c954-a'),
(215, 'https://firebasestorage.googleapis.com/v0/b/simzy-b3068.appspot.com/o/1665857081651product77-1-2.webp?alt=media&token=08a0c97b-8'),
(215, 'https://firebasestorage.googleapis.com/v0/b/simzy-b3068.appspot.com/o/1665857081651product77-1-3.webp?alt=media&token=3b96fa7e-8'),
(215, 'https://firebasestorage.googleapis.com/v0/b/simzy-b3068.appspot.com/o/1665857081651product77-1-4.webp?alt=media&token=7ebdab68-1'),
(215, 'https://firebasestorage.googleapis.com/v0/b/simzy-b3068.appspot.com/o/1665857081651product77-1-5.webp?alt=media&token=f98c07ca-b'),
(216, 'https://firebasestorage.googleapis.com/v0/b/simzy-b3068.appspot.com/o/1665857154321product77-2-1.webp?alt=media&token=d41f34ab-2'),
(217, 'https://firebasestorage.googleapis.com/v0/b/simzy-b3068.appspot.com/o/1665857970617product77-3-1.webp?alt=media&token=e93579ba-6'),
(218, 'https://firebasestorage.googleapis.com/v0/b/simzy-b3068.appspot.com/o/1665858062989product78-1-1.webp?alt=media&token=dfeaa888-d'),
(218, 'https://firebasestorage.googleapis.com/v0/b/simzy-b3068.appspot.com/o/1665858062989product78-1-2.webp?alt=media&token=3279ffe6-3'),
(218, 'https://firebasestorage.googleapis.com/v0/b/simzy-b3068.appspot.com/o/1665858062989product78-1-3.webp?alt=media&token=00ebfb43-c'),
(218, 'https://firebasestorage.googleapis.com/v0/b/simzy-b3068.appspot.com/o/1665858062989product78-1-4.webp?alt=media&token=eb1ef864-9'),
(218, 'https://firebasestorage.googleapis.com/v0/b/simzy-b3068.appspot.com/o/1665858062989product78-1-5.webp?alt=media&token=fbe2e71e-a'),
(219, 'https://firebasestorage.googleapis.com/v0/b/simzy-b3068.appspot.com/o/1665858089628product78-2-1.webp?alt=media&token=31936b0b-7'),
(220, 'https://firebasestorage.googleapis.com/v0/b/simzy-b3068.appspot.com/o/1665858305380product79-1-1.webp?alt=media&token=90e96744-0'),
(220, 'https://firebasestorage.googleapis.com/v0/b/simzy-b3068.appspot.com/o/1665858305380product79-1-2.webp?alt=media&token=e031a9a7-5'),
(220, 'https://firebasestorage.googleapis.com/v0/b/simzy-b3068.appspot.com/o/1665858305380product79-1-3.webp?alt=media&token=3e220f44-0'),
(220, 'https://firebasestorage.googleapis.com/v0/b/simzy-b3068.appspot.com/o/1665858305380product79-1-4.webp?alt=media&token=26f5f5ee-c'),
(220, 'https://firebasestorage.googleapis.com/v0/b/simzy-b3068.appspot.com/o/1665858305380product79-1-5.webp?alt=media&token=96c69442-2'),
(221, 'https://firebasestorage.googleapis.com/v0/b/simzy-b3068.appspot.com/o/1665858368506product79-2-1.webp?alt=media&token=e258c657-2'),
(222, 'https://firebasestorage.googleapis.com/v0/b/simzy-b3068.appspot.com/o/1665858531856product80-1-1.webp?alt=media&token=ef21c986-6'),
(222, 'https://firebasestorage.googleapis.com/v0/b/simzy-b3068.appspot.com/o/1665858531856product80-1-2.webp?alt=media&token=c077246a-a'),
(222, 'https://firebasestorage.googleapis.com/v0/b/simzy-b3068.appspot.com/o/1665858531856product80-1-3.webp?alt=media&token=79b97d75-b'),
(222, 'https://firebasestorage.googleapis.com/v0/b/simzy-b3068.appspot.com/o/1665858531856product80-1-4.webp?alt=media&token=4af985f3-b'),
(222, 'https://firebasestorage.googleapis.com/v0/b/simzy-b3068.appspot.com/o/1665858531856product80-1-5.webp?alt=media&token=d7001273-5'),
(223, 'https://firebasestorage.googleapis.com/v0/b/simzy-b3068.appspot.com/o/1665858553148product80-2-1.webp?alt=media&token=1daa1e0b-4');

-- --------------------------------------------------------

--
-- Table structure for table `productorder`
--

CREATE TABLE `productorder` (
  `order_id` int(11) NOT NULL,
  `user_id` int(11) NOT NULL,
  `payment_id` int(11) NOT NULL,
  `status_id` int(11) NOT NULL,
  `name` varchar(32) NOT NULL,
  `surname` varchar(32) NOT NULL,
  `phone_number` varchar(16) NOT NULL,
  `address` varchar(256) NOT NULL,
  `district` varchar(64) NOT NULL,
  `province` varchar(64) NOT NULL,
  `zip_code` varchar(16) NOT NULL,
  `created_at` timestamp NOT NULL DEFAULT current_timestamp(),
  `updated_at` timestamp NOT NULL DEFAULT current_timestamp()
) ENGINE=InnoDB DEFAULT CHARSET=utf8mb4;

--
-- Dumping data for table `productorder`
--

INSERT INTO `productorder` (`order_id`, `user_id`, `payment_id`, `status_id`, `name`, `surname`, `phone_number`, `address`, `district`, `province`, `zip_code`, `created_at`, `updated_at`) VALUES
(51, 2, 68, 1, 'Admin', 'Simzy', '023156666', '126 Pracha Uthit Rd, Bang Mot', 'Thung Khru', 'Bangkok', '10140', '2022-11-23 06:52:57', '2022-11-23 06:52:57'),
(52, 2, 69, 1, 'Admin', 'Simzy', '023156666', '126 Pracha Uthit Rd, Bang Mot', 'Thung Khru', 'Bangkok', '10140', '2022-11-23 18:27:39', '2022-11-23 18:27:39'),
(53, 2, 70, 1, 'Admin', 'Simzy', '023156666', '126 Pracha Uthit Rd, Bang Mot', 'Thung Khru', 'Bangkok', '10140', '2022-11-28 08:32:55', '2022-11-28 08:32:55'),
(54, 2, 71, 1, 'Admin', 'Simzy', '023156666', '126 Pracha Uthit Rd, Bang Mot', 'Thung Khru', 'Bangkok', '10140', '2022-11-28 08:53:44', '2022-11-28 08:53:44'),
(56, 2, 73, 1, 'Admin', 'Simzy', '023156666', '126 Pracha Uthit Rd, Bang Mot', 'Thung Khru', 'Bangkok', '10140', '2022-11-28 09:05:14', '2022-11-28 09:05:14'),
(57, 2, 74, 1, 'Admin', 'Simzy', '023156666', '126 Pracha Uthit Rd, Bang Mot', 'Thung Khru', 'Bangkok', '10140', '2022-11-28 09:06:24', '2022-11-28 09:06:24'),
(58, 2, 75, 1, 'Admin', 'Simzy', '023156666', '126 Pracha Uthit Rd, Bang Mot', 'Thung Khru', 'Bangkok', '10140', '2022-11-28 09:09:12', '2022-11-28 09:09:12'),
(59, 2, 76, 1, 'Admin', 'Simzy', '023156666', '126 Pracha Uthit Rd, Bang Mot', 'Thung Khru', 'Bangkok', '10140', '2022-11-28 09:28:24', '2022-11-28 09:28:24'),
(60, 2, 77, 1, 'Admin', 'Simzy', '023156666', '126 Pracha Uthit Rd, Bang Mot', 'Thung Khru', 'Bangkok', '10140', '2022-11-28 09:58:30', '2022-11-28 09:58:30'),
(61, 2, 78, 1, 'Admin', 'Simzy', '023156666', '126 Pracha Uthit Rd, Bang Mot', 'Thung Khru', 'Bangkok', '10140', '2022-11-28 17:32:12', '2022-11-28 17:32:12'),
(62, 2, 79, 1, 'Admin', 'Simzy', '023156666', '126 Pracha Uthit Rd, Bang Mot', 'Thung Khru', 'Bangkok', '10140', '2022-11-28 17:33:45', '2022-11-28 17:33:45'),
(63, 2, 80, 1, 'Admin', 'Simzy', '023156677', '127 Pracha Uthit Rd, Bang Mot', 'Thung Khru', 'Bangkok', '10145', '2022-12-05 18:19:16', '2022-12-05 18:19:16'),
(64, 2, 81, 1, 'Admin', 'Simzy', '023156677', '127 Pracha Uthit Rd, Bang Mot', 'Thung Khru', 'Bangkok', '10145', '2022-12-05 18:24:42', '2022-12-05 18:24:42'),
(65, 2, 82, 1, 'Admin', 'Simzy', '023156677', '127 Pracha Uthit Rd, Bang Mot', 'Thung Khru', 'Bangkok', '10145', '2022-12-05 18:31:57', '2022-12-05 18:31:57'),
(66, 2, 83, 1, 'Admin', 'Simzy', '023156677', '127 Pracha Uthit Rd, Bang Mot', 'Thung Khru', 'Bangkok', '10145', '2022-12-05 18:34:51', '2022-12-05 18:34:51');

-- --------------------------------------------------------

--
-- Table structure for table `productstock`
--

CREATE TABLE `productstock` (
  `stock_id` int(11) NOT NULL,
  `product_color_id` int(11) NOT NULL,
  `size` varchar(8) NOT NULL,
  `quantity` int(11) NOT NULL DEFAULT 0
) ENGINE=InnoDB DEFAULT CHARSET=utf8mb4;

--
-- Dumping data for table `productstock`
--

INSERT INTO `productstock` (`stock_id`, `product_color_id`, `size`, `quantity`) VALUES
(2, 2, 'S', 0),
(3, 1, 'S', 0),
(5, 1, 'L', 0),
(7, 1, 'XS', 0),
(9, 4, 'XS', 29),
(11, 4, 'M', 40),
(12, 3, 'M', 35),
(13, 3, 'L', 40),
(14, 3, 'XS', 17),
(15, 2, 'XS', 0),
(17, 2, 'M', 0),
(18, 5, 'XS', 35),
(20, 5, 'L', 35),
(25, 6, 'S', 24),
(26, 6, 'M', 39),
(27, 6, 'L', 40),
(30, 7, 'S', 35),
(31, 7, 'M', 9),
(32, 7, 'L', 30),
(33, 8, 'XS', 34),
(34, 8, 'S', 36),
(36, 8, 'L', 26),
(37, 9, 'XS', 26),
(39, 9, 'L', 14),
(41, 10, 'S', 29),
(43, 10, 'M', 10),
(44, 10, 'L', 36),
(45, 11, 'XS', 34),
(46, 11, 'S', 45),
(48, 11, 'M', 18),
(49, 12, 'XS', 21),
(50, 12, 'S', 45),
(52, 12, 'M', 38),
(53, 13, 'S', 25),
(56, 13, 'L', 30),
(57, 14, 'S', 30),
(59, 14, 'M', 20),
(60, 14, 'L', 34),
(61, 15, 'S', 15),
(63, 15, 'M', 37),
(64, 15, 'L', 23),
(65, 17, 'XS', 21),
(68, 17, 'M', 45),
(69, 18, 'S', 34),
(72, 18, 'L', 25),
(73, 19, 'S', 37),
(75, 19, 'M', 61),
(76, 19, 'L', 24),
(77, 20, 'XS', 34),
(78, 20, 'S', 15),
(79, 20, 'M', 45),
(80, 20, 'L', 18),
(81, 21, 'XS', 34),
(83, 21, 'M', 15),
(84, 21, 'L', 5),
(85, 22, 'XS', 15),
(86, 22, 'S', 20),
(87, 22, 'M', 30),
(88, 22, 'L', 30),
(89, 22, 'XL', 40),
(90, 23, 'XS', 14),
(91, 23, 'S', 36),
(92, 23, 'M', 28),
(93, 23, 'L', 39),
(94, 23, 'XL', 15),
(95, 24, 'XS', 26),
(96, 24, 'S', 37),
(97, 24, 'M', 23),
(98, 24, 'L', 18),
(99, 24, 'XL', 40),
(100, 25, 'XS', 19),
(101, 25, 'S', 9),
(102, 25, 'M', 32),
(103, 25, 'L', 37),
(104, 25, 'XL', 20),
(105, 26, 'XS', 15),
(106, 26, 'S', 37),
(107, 26, 'M', 20),
(108, 26, 'L', 14),
(109, 26, 'XL', 41),
(110, 27, 'XS', 12),
(111, 27, 'S', 36),
(112, 27, 'M', 40),
(113, 27, 'L', 15),
(114, 27, 'XL', 36),
(115, 28, 'XS', 34),
(116, 28, 'S', 26),
(117, 28, 'M', 21),
(118, 28, 'L', 16),
(119, 28, 'XL', 34),
(120, 29, 'XS', 30),
(121, 29, 'S', 60),
(122, 29, 'M', 15),
(123, 29, 'L', 25),
(124, 29, 'XL', 30),
(125, 30, 'XS', 15),
(126, 30, 'S', 34),
(127, 30, 'M', 30),
(128, 30, 'L', 14),
(129, 30, 'XL', 36),
(130, 31, 'XS', 10),
(131, 31, 'S', 30),
(132, 31, 'M', 21),
(133, 31, 'L', 16),
(134, 31, 'XL', 3),
(135, 32, 'XS', 20),
(136, 32, 'S', 14),
(137, 32, 'M', 36),
(138, 32, 'L', 14),
(139, 32, 'XL', 36),
(140, 33, 'XS', 16),
(141, 33, 'S', 39),
(142, 33, 'M', 45),
(143, 33, 'L', 133),
(144, 33, 'XL', 63),
(145, 34, 'XS', 14),
(146, 34, 'S', 30),
(147, 34, 'M', 36),
(148, 34, 'L', 45),
(149, 34, 'XL', 85),
(150, 35, 'XS', 16),
(151, 35, 'S', 37),
(152, 35, 'M', 46),
(153, 35, 'L', 30),
(154, 35, 'XL', 16),
(155, 36, 'XS', 30),
(156, 36, 'S', 15),
(157, 36, 'M', 35),
(158, 36, 'L', 41),
(159, 36, 'XL', 20),
(160, 37, 'XS', 30),
(161, 37, 'S', 34),
(162, 37, 'M', 10),
(163, 37, 'L', 21),
(164, 37, 'XL', 57),
(166, 38, 'XS', 12),
(167, 38, 'S', 63),
(168, 38, 'M', 25),
(169, 38, 'L', 30),
(170, 38, 'XL', 24),
(171, 39, 'XS', 34),
(172, 39, 'S', 36),
(173, 39, 'M', 20),
(174, 39, 'L', 27),
(175, 39, 'XL', 34),
(176, 40, 'XS', 37),
(177, 40, 'S', 21),
(178, 40, 'M', 11),
(179, 40, 'L', 30),
(180, 40, 'XL', 46),
(181, 41, 'XS', 30),
(182, 41, 'S', 14),
(183, 41, 'M', 15),
(184, 41, 'L', 36),
(185, 41, 'XL', 47),
(186, 42, 'XS', 14),
(187, 42, 'S', 25),
(188, 42, 'M', 30),
(189, 42, 'L', 26),
(190, 42, 'XL', 30),
(191, 43, 'XS', 23),
(192, 43, 'S', 30),
(193, 43, 'M', 14),
(194, 43, 'L', 36),
(195, 43, 'XL', 14),
(196, 44, 'XS', 43),
(197, 44, 'S', 36),
(198, 44, 'M', 49),
(199, 44, 'L', 70),
(200, 44, 'XL', 23),
(201, 45, 'XS', 20),
(202, 45, 'S', 36),
(203, 45, 'M', 14),
(204, 45, 'L', 30),
(205, 45, 'XL', 46),
(206, 46, 'XS', 20),
(207, 46, 'S', 36),
(208, 46, 'M', 47),
(209, 46, 'L', 75),
(210, 46, 'XL', 36),
(211, 47, 'XS', 20),
(212, 47, 'S', 20),
(213, 47, 'M', 25),
(214, 47, 'L', 30),
(215, 47, 'XL', 50),
(216, 48, 'XS', 14),
(217, 48, 'S', 63),
(218, 48, 'M', 20),
(219, 48, 'L', 21),
(220, 48, 'XL', 25),
(221, 49, 'XS', 30),
(222, 49, 'S', 24),
(223, 49, 'M', 36),
(224, 49, 'L', 24),
(225, 49, 'XL', 34),
(226, 50, 'XS', 34),
(227, 50, 'S', 36),
(228, 50, 'M', 21),
(229, 50, 'L', 30),
(230, 50, 'XL', 50),
(231, 51, 'XS', 24),
(232, 51, 'S', 30),
(233, 51, 'M', 24),
(234, 51, 'L', 36),
(235, 51, 'XL', 34),
(236, 52, 'XS', 32),
(237, 52, 'S', 21),
(238, 52, 'M', 34),
(239, 52, 'L', 34),
(240, 52, 'XL', 24),
(241, 53, 'XS', 30),
(242, 53, 'S', 14),
(243, 53, 'M', 24),
(244, 53, 'L', 30),
(245, 53, 'XL', 30),
(246, 54, 'XS', 30),
(247, 54, 'S', 24),
(248, 54, 'M', 34),
(249, 54, 'L', 21),
(250, 54, 'XL', 12),
(251, 55, 'XS', 12),
(252, 55, 'S', 42),
(253, 55, 'M', 5),
(254, 55, 'L', 20),
(255, 55, 'XL', 34),
(256, 56, 'XS', 14),
(257, 56, 'S', 30),
(258, 56, 'M', 20),
(259, 56, 'L', 25),
(260, 56, 'XL', 5),
(261, 57, 'XS', 30),
(262, 57, 'S', 10),
(263, 57, 'M', 9),
(264, 57, 'L', 14),
(265, 57, 'XL', 7),
(266, 58, 'XS', 7),
(267, 58, 'S', 30),
(268, 58, 'M', 14),
(269, 58, 'L', 30),
(270, 58, 'XL', 21),
(271, 59, 'XS', 12),
(272, 59, 'S', 20),
(273, 59, 'M', 15),
(274, 59, 'L', 36),
(275, 59, 'XL', 6),
(276, 60, 'XS', 14),
(277, 60, 'S', 34),
(278, 60, 'M', 34),
(279, 60, 'L', 14),
(280, 60, 'XL', 34),
(281, 61, 'XS', 14),
(282, 61, 'S', 20),
(283, 61, 'M', 34),
(284, 61, 'L', 4),
(285, 61, 'XL', 32),
(286, 62, 'S', 14),
(287, 62, 'M', 45),
(288, 62, 'L', 42),
(289, 63, 'S', 42),
(290, 63, 'M', 36),
(291, 63, 'L', 5),
(292, 64, 'S', 34),
(293, 64, 'M', 25),
(294, 64, 'L', 14),
(295, 65, 'S', 14),
(296, 65, 'M', 21),
(297, 65, 'L', 36),
(298, 66, 'XS', 14),
(299, 66, 'S', 24),
(300, 66, 'M', 36),
(301, 66, 'L', 14),
(302, 66, 'XL', 34),
(303, 67, 'XS', 20),
(304, 67, 'S', 14),
(305, 67, 'M', 12),
(306, 67, 'L', 32),
(307, 67, 'XL', 14),
(308, 68, 'XS', 14),
(309, 68, 'S', 30),
(310, 68, 'M', 24),
(311, 68, 'L', 14),
(312, 68, 'XL', 14),
(313, 69, 'XS', 20),
(314, 69, 'S', 32),
(315, 69, 'M', 26),
(316, 69, 'L', 14),
(317, 69, 'XL', 30),
(318, 70, 'XS', 12),
(319, 70, 'S', 30),
(320, 70, 'M', 14),
(321, 70, 'L', 25),
(322, 70, 'XL', 34),
(323, 71, 'XS', 30),
(324, 71, 'S', 18),
(325, 71, 'M', 23),
(326, 71, 'L', 19),
(327, 71, 'XL', 30),
(328, 72, 'XS', 30),
(329, 72, 'S', 24),
(330, 72, 'M', 27),
(331, 72, 'L', 34),
(332, 72, 'XL', 30),
(333, 73, 'XL', 30),
(334, 73, 'XS', 24),
(335, 73, 'M', 12),
(336, 74, 'S', 12),
(337, 74, 'M', 34),
(338, 74, 'XL', 5),
(339, 75, 'XS', 21),
(340, 75, 'S', 30),
(341, 75, 'M', 36),
(342, 75, 'L', 21),
(343, 75, 'XL', 34),
(344, 76, 'XS', 12),
(345, 76, 'S', 23),
(346, 76, 'M', 14),
(347, 76, 'L', 23),
(348, 77, 'XS', 23),
(349, 77, 'S', 10),
(350, 77, 'M', 14),
(351, 77, 'L', 36),
(360, 80, 'XS', 12),
(361, 80, 'S', 30),
(362, 80, 'M', 24),
(363, 80, 'L', 36),
(364, 80, 'XL', 34),
(365, 81, 'S', 23),
(366, 81, 'M', 14),
(367, 81, 'L', 30),
(368, 82, 'S', 30),
(369, 82, 'M', 15),
(370, 82, 'L', 20),
(371, 83, 'XS', 32),
(372, 83, 'S', 20),
(373, 83, 'M', 14),
(374, 83, 'L', 36),
(375, 84, 'XS', 14),
(376, 84, 'S', 26),
(377, 84, 'M', 24),
(378, 84, 'L', 6),
(379, 85, 'XS', 12),
(380, 85, 'S', 21),
(381, 85, 'M', 36),
(382, 85, 'L', 40),
(383, 86, 'XS', 12),
(384, 86, 'S', 30),
(385, 86, 'M', 41),
(386, 86, 'L', 25),
(387, 87, 'XS', 30),
(388, 87, 'S', 34),
(389, 87, 'M', 20),
(390, 87, 'L', 10),
(391, 88, 'XS', 10),
(392, 88, 'S', 15),
(393, 88, 'M', 25),
(394, 88, 'L', 34),
(395, 89, 'XS', 21),
(396, 89, 'S', 21),
(397, 89, 'M', 34),
(398, 89, 'L', 14),
(399, 90, 'XS', 14),
(400, 90, 'S', 45),
(401, 90, 'M', 36),
(402, 90, 'L', 14),
(403, 91, 'XS', 34),
(404, 91, 'S', 24),
(405, 91, 'M', 12),
(406, 91, 'L', 36),
(407, 92, 'XS', 36),
(408, 92, 'S', 12),
(409, 92, 'M', 16),
(410, 92, 'L', 36),
(411, 92, 'XL', 14),
(412, 93, 'XS', 14),
(413, 93, 'S', 45),
(414, 93, 'M', 43),
(415, 93, 'L', 10),
(416, 93, 'XL', 15),
(417, 94, 'XS', 15),
(418, 94, 'S', 12),
(419, 94, 'M', 24),
(420, 94, 'L', 3),
(421, 94, 'XL', 60),
(422, 95, 'XS', 14),
(423, 95, 'S', 30),
(424, 95, 'M', 14),
(425, 95, 'L', 36),
(426, 95, 'XL', 24),
(427, 96, 'XS', 24),
(428, 96, 'S', 12),
(429, 96, 'M', 16),
(430, 96, 'L', 34),
(431, 96, 'XL', 30),
(432, 97, 'XS', 30),
(433, 97, 'S', 14),
(434, 97, 'M', 20),
(435, 97, 'L', 36),
(436, 97, 'XL', 14),
(437, 98, 'XS', 12),
(438, 98, 'S', 12),
(439, 98, 'M', 20),
(440, 98, 'L', 36),
(441, 98, 'XL', 14),
(442, 99, 'XS', 12),
(443, 99, 'S', 30),
(444, 99, 'M', 14),
(445, 99, 'L', 36),
(446, 100, 'XS', 36),
(447, 100, 'S', 12),
(448, 100, 'M', 36),
(449, 100, 'L', 40),
(450, 101, 'XS', 14),
(451, 101, 'S', 36),
(452, 101, 'M', 45),
(453, 101, 'L', 40),
(454, 102, 'S', 34),
(455, 102, 'M', 12),
(456, 102, 'L', 36),
(457, 103, 'S', 36),
(458, 103, 'M', 31),
(459, 103, 'L', 20),
(460, 104, 'S', 23),
(461, 104, 'M', 18),
(462, 104, 'L', 32),
(463, 105, 'XS', 21),
(464, 105, 'S', 27),
(465, 105, 'M', 34),
(466, 105, 'L', 9),
(467, 106, 'XS', 28),
(468, 106, 'S', 17),
(469, 106, 'M', 22),
(470, 106, 'L', 29),
(471, 107, 'XS', 14),
(472, 107, 'S', 17),
(473, 107, 'M', 9),
(474, 107, 'L', 17),
(475, 108, 'S', 18),
(476, 108, 'M', 25),
(477, 108, 'L', 25),
(478, 109, 'S', 25),
(479, 109, 'M', 29),
(480, 109, 'L', 30),
(481, 110, 'S', 12),
(482, 110, 'M', 24),
(483, 110, 'L', 28),
(484, 111, 'XS', 21),
(485, 111, 'S', 23),
(486, 111, 'M', 30),
(487, 111, 'L', 24),
(488, 112, 'S', 17),
(489, 112, 'M', 24),
(490, 112, 'L', 36),
(491, 113, 'XS', 36),
(492, 113, 'S', 30),
(493, 113, 'M', 14),
(494, 113, 'L', 12),
(495, 114, 'XS', 14),
(496, 114, 'S', 20),
(497, 114, 'M', 25),
(498, 114, 'L', 25),
(499, 115, 'XS', 20),
(500, 115, 'S', 29),
(501, 115, 'M', 26),
(502, 115, 'L', 29),
(507, 117, 'XS', 18),
(508, 117, 'S', 25),
(509, 117, 'M', 30),
(510, 117, 'L', 34),
(511, 117, 'XL', 39),
(512, 118, 'XS', 39),
(513, 118, 'S', 44),
(514, 118, 'M', 30),
(515, 118, 'L', 34),
(516, 118, 'XL', 34),
(517, 119, 'XS', 31),
(518, 119, 'S', 25),
(519, 119, 'M', 31),
(520, 119, 'L', 25),
(521, 119, 'XL', 29),
(522, 120, 'XS', 29),
(523, 120, 'S', 34),
(524, 120, 'M', 30),
(525, 120, 'L', 37),
(526, 120, 'XL', 26),
(527, 121, 'XS', 23),
(528, 121, 'S', 30),
(529, 121, 'M', 40),
(530, 121, 'L', 36),
(531, 121, 'XL', 38),
(532, 122, 'XS', 30),
(533, 122, 'S', 28),
(534, 122, 'M', 43),
(535, 122, 'L', 40),
(536, 122, 'XL', 36),
(537, 123, 'XS', 32),
(538, 123, 'S', 28),
(539, 123, 'M', 32),
(540, 123, 'L', 36),
(541, 123, 'XL', 41),
(542, 124, 'XS', 37),
(543, 124, 'S', 40),
(544, 124, 'M', 36),
(545, 124, 'L', 39),
(546, 124, 'XL', 29),
(547, 125, 'XS', 26),
(548, 125, 'S', 30),
(549, 125, 'M', 12),
(550, 125, 'L', 15),
(551, 125, 'XL', 24),
(552, 126, 'XS', 30),
(553, 126, 'S', 14),
(554, 126, 'M', 36),
(555, 126, 'L', 12),
(556, 126, 'XL', 24),
(557, 127, 'XS', 24),
(558, 127, 'S', 32),
(559, 127, 'M', 12),
(560, 127, 'L', 34),
(561, 127, 'XL', 12),
(562, 128, 'XS', 16),
(563, 128, 'S', 30),
(564, 128, 'M', 45),
(565, 128, 'L', 30),
(566, 128, 'XL', 32),
(567, 129, 'XS', 32),
(568, 129, 'S', 12),
(569, 129, 'M', 36),
(570, 129, 'L', 45),
(571, 129, 'XL', 36),
(572, 130, 'XS', 24),
(573, 130, 'S', 42),
(574, 130, 'M', 12),
(575, 130, 'L', 36),
(576, 130, 'XL', 20),
(577, 131, 'XS', 16),
(578, 131, 'S', 30),
(579, 131, 'M', 24),
(580, 131, 'L', 34),
(581, 131, 'XL', 25),
(582, 132, 'XS', 12),
(583, 132, 'S', 36),
(584, 132, 'M', 31),
(585, 132, 'L', 25),
(586, 132, 'XL', 32),
(588, 133, 'S', 24),
(589, 133, 'M', 14),
(590, 133, 'L', 36),
(591, 134, 'XS', 17),
(592, 134, 'S', 25),
(594, 134, 'M', 30),
(595, 134, 'L', 25),
(596, 134, 'XL', 36),
(597, 135, 'XS', 36),
(598, 135, 'M', 30),
(599, 135, 'L', 14),
(600, 135, 'XL', 30),
(601, 136, 'XS', 25),
(602, 136, 'S', 30),
(603, 136, 'M', 40),
(604, 136, 'L', 30),
(605, 136, 'XL', 12),
(606, 137, 'L', 30),
(609, 137, 'XL', 34),
(612, 138, 'L', 36),
(615, 138, 'XL', 36),
(617, 139, 'L', 25),
(620, 139, 'XL', 12),
(622, 141, 'S', 23),
(623, 141, 'M', 14),
(624, 141, 'L', 36),
(625, 141, 'XL', 24),
(626, 140, 'S', 24),
(627, 140, 'M', 21),
(628, 140, 'L', 36),
(629, 140, 'XL', 10),
(630, 142, 'XS', 14),
(631, 142, 'S', 23),
(632, 142, 'M', 20),
(633, 142, 'L', 14),
(634, 142, 'XL', 23),
(635, 143, 'S', 23),
(636, 143, 'M', 34),
(637, 143, 'L', 12),
(638, 143, 'XL', 23),
(639, 144, 'XS', 14),
(640, 144, 'S', 30),
(641, 144, 'M', 6),
(642, 144, 'L', 19),
(643, 145, 'XS', 63),
(644, 145, 'S', 40),
(645, 145, 'M', 36),
(646, 145, 'L', 20),
(647, 146, 'XS', 32),
(648, 146, 'S', 12),
(649, 146, 'M', 32),
(650, 146, 'L', 12),
(651, 147, 'XS', 12),
(652, 147, 'S', 30),
(653, 147, 'M', 36),
(654, 147, 'L', 12),
(655, 148, 'XS', 16),
(656, 148, 'S', 20),
(657, 148, 'M', 36),
(658, 148, 'L', 21),
(659, 149, 'XS', 22),
(660, 149, 'S', 30),
(661, 149, 'M', 36),
(662, 149, 'L', 12),
(663, 150, 'XS', 13),
(664, 150, 'S', 24),
(665, 150, 'M', 30),
(666, 150, 'L', 23),
(667, 151, 'XS', 23),
(668, 151, 'S', 30),
(669, 151, 'M', 34),
(670, 151, 'L', 20),
(671, 152, 'XS', 30),
(672, 152, 'S', 36),
(673, 152, 'M', 36),
(674, 152, 'L', 40),
(675, 153, 'XS', 16),
(676, 153, 'S', 20),
(677, 153, 'M', 30),
(678, 153, 'L', 13),
(681, 154, 'XL', 36),
(685, 155, 'XL', 23),
(689, 156, 'XL', 19),
(694, 157, 'XL', 10),
(699, 158, 'XL', 23),
(703, 159, 'XL', 27),
(707, 160, 'XL', 22),
(711, 161, 'XL', 15),
(713, 162, 'S', 41),
(714, 162, 'M', 21),
(715, 162, 'L', 23),
(716, 162, 'XL', 23),
(717, 164, 'S', 12),
(718, 164, 'M', 1),
(719, 164, 'L', 10),
(720, 164, 'XL', 36),
(721, 163, 'S', 14),
(722, 163, 'M', 36),
(723, 163, 'L', 14),
(724, 163, 'XL', 21),
(725, 165, 'S', 21),
(726, 165, 'M', 26),
(727, 165, 'L', 10),
(728, 165, 'XL', 30),
(729, 166, 'S', 10),
(730, 166, 'M', 30),
(731, 166, 'L', 21),
(732, 166, 'XL', 18),
(733, 167, 'S', 18),
(734, 167, 'M', 25),
(735, 167, 'L', 19),
(736, 167, 'XL', 14),
(737, 168, 'S', 10),
(738, 168, 'M', 16),
(739, 168, 'L', 24),
(740, 168, 'XL', 17),
(741, 169, 'S', 8),
(742, 169, 'M', 14),
(743, 169, 'L', 14),
(744, 169, 'XL', 16),
(745, 170, 'S', 18),
(746, 170, 'M', 12),
(747, 170, 'L', 17),
(748, 170, 'XL', 11),
(749, 171, 'S', 16),
(750, 171, 'M', 13),
(751, 171, 'L', 20),
(752, 171, 'XL', 25),
(753, 172, 'S', 21),
(754, 172, 'M', 26),
(755, 172, 'L', 30),
(756, 172, 'XL', 33),
(757, 174, 'XS', 23),
(758, 174, 'S', 30),
(759, 174, 'M', 12),
(760, 174, 'L', 11),
(761, 173, 'XS', 30),
(762, 173, 'S', 21),
(763, 173, 'M', 37),
(764, 173, 'L', 21),
(765, 175, 'XS', 12),
(766, 175, 'S', 20),
(767, 175, 'M', 21),
(768, 175, 'L', 15),
(769, 176, 'S', 30),
(770, 176, 'M', 34),
(771, 176, 'L', 25),
(772, 176, 'XL', 25),
(773, 177, 'S', 11),
(774, 177, 'M', 20),
(775, 177, 'L', 15),
(776, 177, 'XL', 28),
(777, 178, 'S', 28),
(778, 178, 'M', 34),
(779, 178, 'L', 40),
(780, 178, 'XL', 34),
(781, 179, 'S', 38),
(782, 179, 'M', 33),
(783, 179, 'L', 39),
(784, 179, 'XL', 29),
(785, 180, 'S', 34),
(786, 180, 'M', 29),
(787, 180, 'L', 23),
(788, 180, 'XL', 17),
(789, 181, 'S', 13),
(790, 181, 'M', 21),
(791, 181, 'L', 10),
(792, 182, 'S', 32),
(793, 182, 'M', 21),
(794, 182, 'L', 13),
(795, 183, 'S', 21),
(796, 183, 'M', 19),
(797, 183, 'L', 23),
(798, 184, 'XS', 21),
(799, 184, 'S', 20),
(800, 184, 'M', 30),
(801, 184, 'L', 14),
(802, 185, 'XS', 14),
(803, 185, 'S', 10),
(804, 185, 'M', 15),
(805, 185, 'L', 34),
(806, 186, 'XS', 20),
(807, 186, 'S', 15),
(808, 186, 'M', 26),
(809, 186, 'L', 16),
(810, 187, 'XS', 10),
(811, 187, 'S', 14),
(812, 187, 'M', 20),
(813, 187, 'L', 13),
(814, 188, 'XS', 12),
(815, 188, 'S', 30),
(816, 188, 'M', 12),
(817, 188, 'L', 14),
(818, 189, 'XS', 12),
(819, 189, 'S', 30),
(820, 189, 'M', 15),
(821, 189, 'L', 20),
(822, 190, 'XS', 20),
(823, 190, 'S', 12),
(824, 190, 'M', 14),
(825, 190, 'L', 20),
(826, 191, 'XS', 32),
(827, 191, 'S', 16),
(828, 191, 'M', 14),
(829, 191, 'L', 36),
(830, 192, 'XS', 21),
(831, 192, 'M', 12),
(832, 192, 'S', 12),
(833, 192, 'L', 24),
(834, 193, 'XS', 21),
(835, 193, 'S', 20),
(836, 193, 'M', 31),
(837, 193, 'L', 5),
(838, 194, 'XS', 10),
(839, 194, 'S', 12),
(840, 194, 'M', 21),
(841, 194, 'L', 22),
(842, 195, 'XS', 22),
(843, 195, 'S', 18),
(844, 195, 'M', 23),
(845, 195, 'L', 17),
(846, 196, 'XS', 11),
(847, 196, 'S', 18),
(848, 196, 'M', -5),
(849, 196, 'L', 6),
(850, 197, 'S', 0),
(851, 197, 'M', 0),
(852, 197, 'L', 0),
(853, 197, 'XL', 0),
(854, 198, 'XS', 0),
(855, 198, 'S', 0),
(856, 198, 'M', 0),
(857, 198, 'L', 0),
(858, 199, 'XS', 32),
(859, 199, 'S', 12),
(860, 199, 'M', 36),
(861, 199, 'L', 12),
(862, 199, 'XL', 24),
(863, 200, 'XS', 21),
(864, 200, 'S', 20),
(865, 200, 'M', 6),
(866, 200, 'L', 10),
(867, 201, 'XS', 21),
(868, 201, 'S', 10),
(869, 201, 'M', 21),
(870, 201, 'L', 3),
(871, 202, 'XS', 31),
(872, 202, 'S', 11),
(873, 202, 'M', 12),
(874, 202, 'L', 34),
(875, 203, 'XS', 12),
(876, 203, 'S', 11),
(877, 203, 'M', 8),
(878, 203, 'L', 13),
(879, 204, 'XS', 20),
(880, 204, 'S', 15),
(881, 204, 'M', 0),
(882, 204, 'L', 22),
(883, 205, 'XS', 21),
(884, 205, 'S', 11),
(885, 205, 'M', 3),
(886, 205, 'L', 16),
(887, 206, 'XS', 30),
(888, 206, 'S', 12),
(889, 206, 'M', 10),
(890, 206, 'L', 15),
(891, 207, 'XS', 21),
(892, 207, 'S', 11),
(893, 207, 'M', 13),
(894, 207, 'L', 11),
(895, 208, 'XS', 13),
(896, 208, 'S', 3),
(897, 208, 'M', 14),
(898, 208, 'L', 9),
(899, 209, 'XS', 12),
(900, 209, 'S', 30),
(901, 209, 'M', 12),
(902, 209, 'L', 30),
(903, 210, 'XS', 21),
(904, 210, 'S', 9),
(905, 210, 'M', 30),
(906, 210, 'L', 12),
(907, 211, 'XS', 7),
(908, 211, 'S', 13),
(909, 211, 'M', 20),
(910, 211, 'L', 14),
(911, 212, 'XS', 30),
(912, 212, 'S', 14),
(913, 212, 'M', 30),
(914, 212, 'L', 21),
(915, 213, 'XS', 12),
(916, 213, 'S', 30),
(917, 213, 'M', 12),
(918, 213, 'L', 7),
(919, 214, 'XS', 30),
(920, 214, 'S', 21),
(921, 214, 'M', 2),
(922, 214, 'L', 30),
(923, 215, 'XS', 12),
(924, 215, 'S', 10),
(925, 215, 'M', 12),
(926, 215, 'L', 9),
(927, 216, 'XS', 30),
(928, 216, 'S', 21),
(929, 216, 'M', 3),
(930, 216, 'L', 10),
(931, 217, 'XS', 5),
(932, 217, 'S', 10),
(933, 217, 'M', 4),
(934, 217, 'L', 11),
(935, 218, 'XS', 20),
(936, 218, 'S', 12),
(937, 218, 'M', 18),
(938, 218, 'L', 13),
(939, 219, 'XS', 7),
(940, 219, 'S', 13),
(941, 219, 'M', 19),
(942, 219, 'L', 13),
(943, 220, 'XS', 21),
(944, 220, 'S', 18),
(945, 220, 'M', 25),
(946, 220, 'L', 15),
(947, 221, 'XS', 13),
(948, 221, 'S', 18),
(949, 221, 'M', 12),
(950, 221, 'L', 17),
(951, 222, 'XS', 21),
(952, 222, 'S', 12),
(953, 222, 'M', 6),
(954, 222, 'L', 13),
(955, 223, 'XS', 11),
(956, 223, 'S', 17),
(957, 223, 'M', 10),
(958, 223, 'L', 4);

-- --------------------------------------------------------

--
-- Table structure for table `userinfo`
--

CREATE TABLE `userinfo` (
  `user_id` int(11) NOT NULL,
  `is_admin` tinyint(1) NOT NULL,
  `email` varchar(64) NOT NULL,
  `password` varchar(64) NOT NULL,
  `name` varchar(32) NOT NULL,
  `surname` varchar(32) NOT NULL,
  `gender` char(1) NOT NULL,
  `phone_number` varchar(16) NOT NULL,
  `address` varchar(256) NOT NULL,
  `district` varchar(64) NOT NULL,
  `province` varchar(64) NOT NULL,
  `zip_code` varchar(16) NOT NULL,
  `created_at` timestamp NOT NULL DEFAULT current_timestamp(),
  `updated_at` timestamp NOT NULL DEFAULT current_timestamp()
) ENGINE=InnoDB DEFAULT CHARSET=utf8mb4;

--
-- Dumping data for table `userinfo`
--

INSERT INTO `userinfo` (`user_id`, `is_admin`, `email`, `password`, `name`, `surname`, `gender`, `phone_number`, `address`, `district`, `province`, `zip_code`, `created_at`, `updated_at`) VALUES
(1, 1, 'admin@simzy.net', '$2b$10$iN7yQ9ZmRM7GuHlEVDU2S.zoNEpGhKadHWl7/vZWADKD131i203da', 'Admin', 'Simzy', 'O', '023156666', '126 Pracha Uthit Rd, Bang Mot', 'Thung Khru', 'Bangkok', '10140', '2022-10-29 19:57:40', '2022-11-25 10:58:52'),
(2, 0, 'notadmin@simzy.net', '$2b$10$9MykBDfee6E8nnxnjW.w1uppjK/6K5ePWZgKUoG7SFfuxrfDiRYFm', 'Admin', 'Simzy', 'O', '023156677', '127 Pracha Uthit Rd, Bang Mot', 'Thung Khru', 'Bangkok', '10145', '2022-11-06 18:43:23', '2022-12-04 20:29:28'),
(3, 0, 'sonia@gmail.com', '$2b$10$.q/4.DEHhtILImbSHL7uY.VCs/gdju4Pr617Y3ozAFh6oQ/0EQcVa', 'Sonia', 'Gautam', 'W', '0850850856', '78/2 Soi suayngam', 'Koh Samui', 'Suratthani', '84456', '2022-11-13 17:19:12', '2022-12-04 10:58:52'),
(5, 0, 'imnotadmin@simzy.net', '$2b$10$meSQgAg4Pj2J9RdGES/6ret8QZBSGJKzNYte8pQst5xkRwDlpTIsa', 'Admin', 'Simzy', 'O', '023156666', '126 Pracha Uthit Rd, Bang Mot', 'Thung Khru', 'Bangkok', '10140', '2022-11-28 02:58:27', '2022-11-28 02:58:27'),
(6, 0, 'konsuay@gmail.co.th', '$2b$10$an7uUxRZirte2OaWx3wRte8OamW66SULKr7eeNOOnoMgedLhL6wOO', '0987456322', 'suaymak', 'F', '0987456321', 'Bo Phut', 'Koh Phangan', 'Wowza', '87654', '2022-11-28 09:33:55', '2022-12-05 09:33:55'),
(7, 0, 'soniagautam2703@gmail.com', '$2b$10$8y7WAGGvpuOz5UTpWHocRe71oMgrVAt07eELisNxLIcL9UKzYk7dq', 'Sonia', 'Gautam', 'W', '0998887777', '111', 'Bangrak', 'Bangkok', '10100', '2022-12-02 10:32:38', '2022-12-03 18:55:34');

--
-- Indexes for dumped tables
--

--
-- Indexes for table `category`
--
ALTER TABLE `category`
  ADD PRIMARY KEY (`category_id`);

--
-- Indexes for table `colorgroup`
--
ALTER TABLE `colorgroup`
  ADD PRIMARY KEY (`color_group_id`),
  ADD UNIQUE KEY `color_group` (`color_group`,`color`);

--
-- Indexes for table `orderhistory`
--
ALTER TABLE `orderhistory`
  ADD PRIMARY KEY (`order_history_id`),
  ADD KEY `order_id` (`order_id`),
  ADD KEY `stock_id` (`stock_id`);

--
-- Indexes for table `orderstatus`
--
ALTER TABLE `orderstatus`
  ADD PRIMARY KEY (`status_id`);

--
-- Indexes for table `payment`
--
ALTER TABLE `payment`
  ADD PRIMARY KEY (`payment_id`);

--
-- Indexes for table `product`
--
ALTER TABLE `product`
  ADD PRIMARY KEY (`product_id`),
  ADD UNIQUE KEY `product_name` (`product_name`),
  ADD KEY `category_id` (`category_id`);

--
-- Indexes for table `productcolor`
--
ALTER TABLE `productcolor`
  ADD PRIMARY KEY (`product_color_id`),
  ADD UNIQUE KEY `product_id` (`product_id`,`color_group_id`) USING BTREE,
  ADD KEY `color_group_id` (`color_group_id`);

--
-- Indexes for table `productimage`
--
ALTER TABLE `productimage`
  ADD PRIMARY KEY (`product_color_id`,`img_link`);

--
-- Indexes for table `productorder`
--
ALTER TABLE `productorder`
  ADD PRIMARY KEY (`order_id`),
  ADD KEY `payment_id` (`payment_id`),
  ADD KEY `user_id` (`user_id`),
  ADD KEY `status_id` (`status_id`);

--
-- Indexes for table `productstock`
--
ALTER TABLE `productstock`
  ADD PRIMARY KEY (`stock_id`),
  ADD UNIQUE KEY `product_color_id` (`product_color_id`,`size`);

--
-- Indexes for table `userinfo`
--
ALTER TABLE `userinfo`
  ADD PRIMARY KEY (`user_id`),
  ADD UNIQUE KEY `email` (`email`);

--
-- AUTO_INCREMENT for dumped tables
--

--
-- AUTO_INCREMENT for table `category`
--
ALTER TABLE `category`
  MODIFY `category_id` int(11) NOT NULL AUTO_INCREMENT, AUTO_INCREMENT=19;

--
-- AUTO_INCREMENT for table `colorgroup`
--
ALTER TABLE `colorgroup`
  MODIFY `color_group_id` int(11) NOT NULL AUTO_INCREMENT, AUTO_INCREMENT=26;

--
-- AUTO_INCREMENT for table `orderhistory`
--
ALTER TABLE `orderhistory`
  MODIFY `order_history_id` int(11) NOT NULL AUTO_INCREMENT, AUTO_INCREMENT=74;

--
-- AUTO_INCREMENT for table `orderstatus`
--
ALTER TABLE `orderstatus`
  MODIFY `status_id` int(11) NOT NULL AUTO_INCREMENT, AUTO_INCREMENT=6;

--
-- AUTO_INCREMENT for table `payment`
--
ALTER TABLE `payment`
  MODIFY `payment_id` int(11) NOT NULL AUTO_INCREMENT, AUTO_INCREMENT=84;

--
-- AUTO_INCREMENT for table `product`
--
ALTER TABLE `product`
  MODIFY `product_id` int(11) NOT NULL AUTO_INCREMENT, AUTO_INCREMENT=81;

--
-- AUTO_INCREMENT for table `productcolor`
--
ALTER TABLE `productcolor`
  MODIFY `product_color_id` int(11) NOT NULL AUTO_INCREMENT, AUTO_INCREMENT=224;

--
-- AUTO_INCREMENT for table `productorder`
--
ALTER TABLE `productorder`
  MODIFY `order_id` int(11) NOT NULL AUTO_INCREMENT, AUTO_INCREMENT=67;

--
-- AUTO_INCREMENT for table `productstock`
--
ALTER TABLE `productstock`
  MODIFY `stock_id` int(11) NOT NULL AUTO_INCREMENT, AUTO_INCREMENT=959;

--
-- AUTO_INCREMENT for table `userinfo`
--
ALTER TABLE `userinfo`
  MODIFY `user_id` int(11) NOT NULL AUTO_INCREMENT, AUTO_INCREMENT=8;

--
-- Constraints for dumped tables
--

--
-- Constraints for table `orderhistory`
--
ALTER TABLE `orderhistory`
  ADD CONSTRAINT `orderhistory_ibfk_1` FOREIGN KEY (`order_id`) REFERENCES `productorder` (`order_id`) ON DELETE CASCADE ON UPDATE CASCADE,
  ADD CONSTRAINT `orderhistory_ibfk_2` FOREIGN KEY (`stock_id`) REFERENCES `productstock` (`stock_id`) ON DELETE CASCADE ON UPDATE CASCADE;

--
-- Constraints for table `product`
--
ALTER TABLE `product`
  ADD CONSTRAINT `product_ibfk_1` FOREIGN KEY (`category_id`) REFERENCES `category` (`category_id`) ON DELETE CASCADE ON UPDATE CASCADE;

--
-- Constraints for table `productcolor`
--
ALTER TABLE `productcolor`
  ADD CONSTRAINT `productcolor_ibfk_1` FOREIGN KEY (`product_id`) REFERENCES `product` (`product_id`) ON DELETE CASCADE ON UPDATE CASCADE,
  ADD CONSTRAINT `productcolor_ibfk_2` FOREIGN KEY (`color_group_id`) REFERENCES `colorgroup` (`color_group_id`) ON DELETE CASCADE ON UPDATE CASCADE;

--
-- Constraints for table `productimage`
--
ALTER TABLE `productimage`
  ADD CONSTRAINT `productimage_ibfk_1` FOREIGN KEY (`product_color_id`) REFERENCES `productcolor` (`product_color_id`) ON DELETE CASCADE ON UPDATE CASCADE;

--
-- Constraints for table `productorder`
--
ALTER TABLE `productorder`
  ADD CONSTRAINT `productorder_ibfk_1` FOREIGN KEY (`payment_id`) REFERENCES `payment` (`payment_id`) ON DELETE CASCADE ON UPDATE CASCADE,
  ADD CONSTRAINT `productorder_ibfk_2` FOREIGN KEY (`user_id`) REFERENCES `userinfo` (`user_id`) ON DELETE CASCADE ON UPDATE CASCADE,
  ADD CONSTRAINT `productorder_ibfk_3` FOREIGN KEY (`status_id`) REFERENCES `orderstatus` (`status_id`) ON DELETE CASCADE ON UPDATE CASCADE;

--
-- Constraints for table `productstock`
--
ALTER TABLE `productstock`
  ADD CONSTRAINT `productstock_ibfk_1` FOREIGN KEY (`product_color_id`) REFERENCES `productcolor` (`product_color_id`) ON DELETE CASCADE ON UPDATE CASCADE;
COMMIT;

/*!40101 SET CHARACTER_SET_CLIENT=@OLD_CHARACTER_SET_CLIENT */;
/*!40101 SET CHARACTER_SET_RESULTS=@OLD_CHARACTER_SET_RESULTS */;
/*!40101 SET COLLATION_CONNECTION=@OLD_COLLATION_CONNECTION */;